,Unnamed: 0,School ID,School Name,2012,2013,2014,2015,2016,2017,Name of School,"Elementary, Middle, or High School",Street Address,City,State,ZIP Code,Phone Number,Link ,Network Manager,Collaborative Name,Adequate Yearly Progress Made? ,Track Schedule,CPS Performance Policy Status,CPS Performance Policy Level,Healthy Schools Certified?,Safety Icon ,Safety Score,Family Involvement Icon,Family Involvement Score,Environment Icon ,Environment Score,Instruction Icon ,Instruction Score,Leaders Icon ,Leaders Score ,Teachers Icon ,Teachers Score,Parent Engagement Icon ,Parent Engagement Score,Parent Environment Icon,Parent Environment Score,Average Student Attendance,Rate of Misconducts (per 100 students) ,Average Teacher Attendance,Individualized Education Program Compliance Rate ,Pk-2 Literacy %,Pk-2 Math %,Gr3-5 Grade Level Math %,Gr3-5 Grade Level Read % ,Gr3-5 Keep Pace Read %,Gr3-5 Keep Pace Math %,Gr6-8 Grade Level Math %,Gr6-8 Grade Level Read %,Gr6-8 Keep Pace Math%,Gr6-8 Keep Pace Read %,Gr-8 Explore Math %,Gr-8 Explore Read %,ISAT Exceeding Math %,ISAT Exceeding Reading % ,ISAT Value Add Math,ISAT Value Add Read,ISAT Value Add Color Math,ISAT Value Add Color Read,Students Taking  Algebra %,Students Passing  Algebra %,9th Grade EXPLORE (2009) ,9th Grade EXPLORE (2010) ,10th Grade PLAN (2009) ,10th Grade PLAN (2010) ,Net Change EXPLORE and PLAN,11th Grade Average ACT (2011) ,Net Change PLAN and ACT,College Eligibility %,Graduation Rate %,College Enrollment Rate %,College Enrollment (number of students) ,General Services Route ,Freshman on Track Rate %,RCDTS Code,X_COORDINATE,Y_COORDINATE,Latitude,Longitude,Community Area Number,Community Area Name,Ward,Police District,Location
0,1,610513,AIR FORCE HS,3.0,4.6,2.5,1.1,4.1,"3,7%",Air Force Academy High School,HS,3630 S Wells St ,Chicago,IL,60609,(773) 535-1590,http://schoolreports.cps.edu/SchoolProgressReport_Eng/Spring2011Eng_610513.pdf,Southwest Side High School Network,SOUTHWEST SIDE COLLABORATIVE,NDA,Standard,Not on Probation,Not Enough Data,Yes,Average,49.0,Strong,60,Strong,60.0,Average,55.0,Average,45,Average,54,Average,53,Average,49,93.3%,15.6,96.9%,100.0%,NDA,NDA,NDA,NDA,NDA,NDA,NDA,NDA,NDA,NDA,NDA,NDA,,,,,NDA,NDA,NDA,NDA,14.6,14.8,NDA,16,1.4,NDA,NDA,NDA,NDA,NDA,302,40,91.8,150000000000000,1175177.622,1880745.126,41.82814609,-87.63279369,34,ARMOUR SQUARE,11,9,"(41.82814609, -87.63279369)"
1,2,610524,ALCOTT HS,3.0,2.2,1.1,5.8,1.6,"2,6%",Alcott High School for the Humanities,HS,2957 N Hoyne Ave ,Chicago,IL,60618,(773) 534-5979,http://schoolreports.cps.edu/SchoolProgressReport_Eng/Spring2011Eng_610524.pdf,North-Northwest Side High School Network,NORTH-NORTHWEST SIDE COLLABORATIVE,NDA,Standard,Not on Probation,Not Enough Data,No,Strong,70.0,NDA,NDA,Strong,67.0,Average,51.0,NDA,NDA,NDA,NDA,Strong,57,Weak,43,92.7%,7.1,96.9%,100.0%,NDA,NDA,NDA,NDA,NDA,NDA,NDA,NDA,NDA,NDA,NDA,NDA,,,,,NDA,NDA,NDA,NDA,14.7,13.7,NDA,16,1.3,NDA,NDA,NDA,NDA,NDA,232,33,87.6,150000000000000,1161870.5559999999,1919857.44,41.93576106,-87.68052441,5,NORTH CENTER,1,19,"(41.93576106, -87.68052441)"
2,3,609695,AMUNDSEN HS,6.3,6.6,5.3,5.0,3.9,"1,3%",Roald Amundsen High School,HS,5110 N Damen Ave ,Chicago,IL,60625,(773) 534-2320,http://schoolreports.cps.edu/SchoolProgressReport_Eng/Spring2011Eng_609695.pdf,North-Northwest Side High School Network,NORTH-NORTHWEST SIDE COLLABORATIVE,No,Standard,Probation,Level 3,No,Average,51.0,Average,44,Average,43.0,Average,42.0,Weak,27,Average,41,Weak,43,Weak,41,81.1%,8.7,95.9%,99.2%,NDA,NDA,NDA,NDA,NDA,NDA,NDA,NDA,NDA,NDA,NDA,NDA,,,,,NDA,NDA,NDA,NDA,13.8,13.9,14.9,14.8,1,16.7,1.8,16,64.6,49.1,1532,31,72.2,150000000000000,1162034.1570000001,1934187.196,41.97507922,-87.67952139,4,LINCOLN SQUARE,47,20,"(41.97507922, -87.67952139)"
3,6,610518,AUSTIN CCA HS,7.3,4.2,3.1,4.5,7.9,"5,6%",VOISE Academy High School,HS,231 N Pine Ave ,Chicago,IL,60644,(773) 534-0660,http://schoolreports.cps.edu/SchoolProgressReport_Eng/Spring2011Eng_610518.pdf,West Side High School Network,WEST SIDE COLLABORATIVE,No,Standard,Probation,Level 2,No,Average,42.0,NDA,NDA,Average,52.0,Average,52.0,NDA,NDA,NDA,NDA,NDA,NDA,NDA,NDA,84.5%,25.0,96.5%,100.0%,NDA,NDA,NDA,NDA,NDA,NDA,NDA,NDA,NDA,NDA,NDA,NDA,,,,,NDA,NDA,NDA,NDA,12.3,12.5,13.6,13.6,1.3,14.4,0.8,NDA,NDA,NDA,410,36,82,150000000000000,1139494.763,1901274.2580000001,41.88520477,-87.76321191,25,AUSTIN,28,15,"(41.88520477, -87.76321191)"
4,9,609698,BOGAN HS,11.9,8.5,4.4,3.5,3.1,"2,0%",William J Bogan High School,HS,3939 W 79th St ,Chicago,IL,60652,(773) 535-2180,http://schoolreports.cps.edu/SchoolProgressReport_Eng/Spring2011Eng_609698.pdf,Southwest Side High School Network,SOUTHWEST SIDE COLLABORATIVE,No,Standard,Probation,Level 3,No,Weak,20.0,NDA,NDA,Very Weak,18.0,Weak,29.0,NDA,NDA,NDA,NDA,Weak,41,Weak,38,75.2%,5.8,94.3%,99.6%,NDA,NDA,NDA,NDA,NDA,NDA,NDA,NDA,NDA,NDA,NDA,NDA,,,,,NDA,NDA,NDA,NDA,13.4,13.3,14.3,14.3,0.9,15.2,0.9,13.1,52.5,50,1656,44,67.1,150000000000000,1151315.548,1851847.8590000002,41.74934817,-87.72109673,70,ASHBURN,18,8,"(41.74934817, -87.72109673)"
5,10,610323,BOWEN HS,3.2,2.2,5.1,1.4,1.6,"1,8%",New Millennium High School of Health at Bowen,HS,2710 E 89th St ,Chicago,IL,60617,(773) 535-7650,http://schoolreports.cps.edu/SchoolProgressReport_Eng/Spring2011Eng_610323.pdf,South Side High School Network,SOUTH SIDE COLLABORATIVE,No,Standard,Probation,Level 3,No,Very Weak,17.0,Weak,23,Weak,37.0,Weak,25.0,Weak,29,Very Weak,6,NDA,NDA,NDA,NDA,75.6%,61.8,94.7%,100.0%,NDA,NDA,NDA,NDA,NDA,NDA,NDA,NDA,NDA,NDA,NDA,NDA,,,,,NDA,NDA,NDA,NDA,12.1,12.3,13.9,13.2,1.1,14.7,0.8,16.7,67.2,52.4,701,47,62.1,150000000000000,1195939.937,1846527.5280000002,41.73376107,-87.55775263,46,SOUTH CHICAGO,7,4,"(41.73376107, -87.55775263)"
6,11,610381,BRONZEVILLE HS,6.6,3.2,1.2,0.2,1.9,"1,4%",Bronzeville Scholastic Academy High School,HS,4934 S Wabash Ave ,Chicago,IL,60615,(773) 535-1150,http://schoolreports.cps.edu/SchoolProgressReport_Eng/Spring2011Eng_610381.pdf,South Side High School Network,SOUTH SIDE COLLABORATIVE,No,Standard,Probation,Level 3,No,Average,41.0,Weak,38,Average,42.0,Average,43.0,Weak,32,Very Weak,15,Average,51,Weak,43,92.3%,16.2,95.6%,97.6%,NDA,NDA,NDA,NDA,NDA,NDA,NDA,NDA,NDA,NDA,NDA,NDA,,,,,NDA,NDA,NDA,NDA,14.3,13.8,15.3,15.7,1.4,16.3,1,14.7,85.3,73.2,550,42,71.1,150000000000000,1177513.255,1872170.4440000001,41.80456384,-87.62448408,38,GRAND BOULEVARD,3,2,"(41.80456384, -87.62448408)"
7,12,609726,BROOKS HS,1.5,2.0,0.9,1.5,2.7,"1,5%",Gwendolyn Brooks College Preparatory Academy High School,HS,250 E 111th St ,Chicago,IL,60628,(773) 535-9930,http://schoolreports.cps.edu/SchoolProgressReport_Eng/Spring2011Eng_609726.pdf,Far South Side High School Network,FAR SOUTH SIDE COLLABORATIVE,No,Standard,Not on Probation,Level 1,No,Strong,64.0,NDA,NDA,Average,44.0,Average,49.0,NDA,NDA,NDA,NDA,Average,47,Average,49,87.1%,0.1,95.2%,100.0%,NDA,NDA,NDA,NDA,NDA,NDA,NDA,NDA,NDA,NDA,NDA,NDA,,,,,NDA,NDA,NDA,NDA,18,18.2,18.7,18.7,0.7,21.5,2.8,51.1,88.1,87.9,783,48,90.3,150000000000000,1180061.781,1831459.2130000002,41.69278956,-87.61638144,49,ROSELAND,9,5,"(41.69278956, -87.61638144)"
8,19,609760,CARVER MILITARY HS,1.1,2.4,1.5,1.8,0.6,"0,8%",George Washington Carver Military Academy High School,HS,13100 S Doty Ave ,Chicago,IL,60627,(773) 535-5250,http://schoolreports.cps.edu/SchoolProgressReport_Eng/Spring2011Eng_609760.pdf,Far South Side High School Network,FAR SOUTH SIDE COLLABORATIVE,No,Standard,Not on Probation,Level 2,No,Average,53.0,NDA,NDA,Weak,37.0,Weak,34.0,NDA,NDA,NDA,NDA,NDA,NDA,NDA,NDA,91.6%,8.9,96.4%,100.0%,NDA,NDA,NDA,NDA,NDA,NDA,NDA,NDA,NDA,NDA,NDA,NDA,,,,,NDA,NDA,NDA,NDA,14.5,14.2,15,14.9,0.4,16.8,1.8,21.2,78.7,60.5,532,48,79.5,150000000000000,1187202.39,1818214.083,41.65627709,-87.5906566,54,RIVERDALE,9,5,"(41.65627709, -87.5906566)"
9,21,610340,CHICAGO ACADEMY HS,4.6,4.3,3.6,3.0,1.1,"2,9%",Chicago Academy High School,HS,3400 N Austin Ave ,Chicago,IL,60634,(773) 534-0146,http://schoolreports.cps.edu/SchoolProgressReport_Eng/Spring2011Eng_610340.pdf,AUSL Schools,NORTH-NORTHWEST SIDE COLLABORATIVE,No,Standard,Not on Probation,Level 2,No,Average,58.0,Weak,35,Average,57.0,Average,53.0,Average,56,Average,57,NDA,NDA,NDA,NDA,93.1%,6.3,96.1%,97.1%,NDA,NDA,NDA,NDA,NDA,NDA,NDA,NDA,NDA,NDA,NDA,NDA,,,,,NDA,NDA,NDA,NDA,14.6,14.4,16.3,16.1,1.5,18.4,2.1,23.9,70.1,64.2,502,30,80.6,150000000000000,1135740.091,1922002.9409999999,41.94215439,-87.77650575,17,DUNNING,38,16,"(41.94215439, -87.77650575)"
10,22,609753,CHICAGO AGRICULTURE HS,3.6,1.4,2.5,2.0,2.1,"0,6%",Chicago High School for Agricultural Sciences,HS,3857 W 111th St ,Chicago,IL,60655,(773) 535-2500,http://schoolreports.cps.edu/SchoolProgressReport_Eng/Spring2011Eng_609753.pdf,Far South Side High School Network,FAR SOUTH SIDE COLLABORATIVE,No,Track_E,Not on Probation,Level 1,No,Very Strong,87.0,Strong,77,Average,49.0,Average,47.0,Average,57,Average,40,Average,52,Strong,55,92.8%,5.2,95.2%,96.8%,NDA,NDA,NDA,NDA,NDA,NDA,NDA,NDA,NDA,NDA,NDA,NDA,,,,,NDA,NDA,NDA,NDA,16.1,16.5,16.9,17.4,1.3,20.4,3.5,30.7,70.7,79.6,579,49,88.1,150000000000000,1152383.425,1830663.6469999999,41.69119388,-87.71773863,74,MOUNT GREENWOOD,19,22,"(41.69119388, -87.71773863)"
11,25,609754,CHICAGO MILITARY HS,9.3,3.0,2.3,1.6,0.3,"1,4%",Chicago Military Academy High School,HS,3519 S Giles Ave ,Chicago,IL,60653,(773) 534-9750,http://schoolreports.cps.edu/SchoolProgressReport_Eng/Spring2011Eng_609754.pdf,South Side High School Network,SOUTH SIDE COLLABORATIVE,No,Standard,Not on Probation,Level 2,No,Weak,32.0,NDA,NDA,Weak,23.0,Weak,35.0,NDA,NDA,NDA,NDA,NDA,NDA,NDA,NDA,90.3%,28.2,95.6%,100.0%,NDA,NDA,NDA,NDA,NDA,NDA,NDA,NDA,NDA,NDA,NDA,NDA,,,,,NDA,NDA,NDA,NDA,14.8,14.4,15.2,15.6,0.8,17.4,2.2,24.4,83.6,69.3,483,40,88.1,150000000000000,1178881.169,1881647.166,41.83053768,-87.61917837,35,DOUGLAS,2,2,"(41.83053768, -87.61917837)"
12,28,609674,CHICAGO VOCATIONAL HS,4.3,5.8,4.1,4.8,3.9,"2,2%",Chicago Vocational Career Academy High School,HS,2100 E 87th St ,Chicago,IL,60617,(773) 535-6100,http://schoolreports.cps.edu/SchoolProgressReport_Eng/Spring2011Eng_609674.pdf,South Side High School Network,SOUTH SIDE COLLABORATIVE,No,Standard,Probation,Level 3,No,Weak,27.0,Average,43,Weak,21.0,Weak,30.0,Weak,34,Weak,39,NDA,NDA,NDA,NDA,68.8%,33.3,94.6%,99.1%,NDA,NDA,NDA,NDA,NDA,NDA,NDA,NDA,NDA,NDA,NDA,NDA,,,,,NDA,NDA,NDA,NDA,12.5,12.6,13.8,13.2,0.7,14.3,0.5,7,49.5,54,833,47,44.1,150000000000000,1191700.5929999999,1847743.551,41.73720173,-87.57324389,45,AVALON PARK,8,4,"(41.73720173, -87.57324389)"
13,33,610244,CLARK HS,5.0,3.0,2.6,2.9,1.4,"1,6%",Michele Clark Academic Prep Magnet High School,HS,5101 W Harrison St ,Chicago,IL,60644,(773) 534-6250,http://schoolreports.cps.edu/SchoolProgressReport_Eng/Spring2011Eng_610244.pdf,West Side High School Network,WEST SIDE COLLABORATIVE,No,Standard,Probation,Level 3,No,NDA,,NDA,NDA,NDA,,NDA,,NDA,NDA,NDA,NDA,Average,48,Weak,36,79.1%,24.4,95.4%,100.0%,NDA,NDA,NDA,NDA,NDA,NDA,19.4,22.8,36.5,52.7,3.6,10.7,1.7,2.6,-1.2,-0.7,Red,Yellow,NDA,NDA,14,13.3,14.4,14.5,0.5,15.7,1.3,13,87.4,60.4,726,36,78.2,150000000000000,1142209.317,1896792.791,41.87285714,-87.75335467,25,AUSTIN,24,15,"(41.87285714, -87.75335467)"
14,34,609759,CLEMENTE HS,14.1,10.9,5.5,4.7,2.2,"2,9%",Roberto Clemente Community Academy High School,HS,1147 N Western Ave ,Chicago,IL,60622,(773) 534-4000,http://schoolreports.cps.edu/SchoolProgressReport_Eng/Spring2011Eng_609759.pdf,West Side High School Network,WEST SIDE COLLABORATIVE,No,Standard,Probation,Level 2,No,Average,44.0,Weak,31,Weak,39.0,Weak,34.0,Weak,28,Weak,25,NDA,NDA,NDA,NDA,69.6%,20.6,94.2%,99.6%,NDA,NDA,NDA,NDA,NDA,NDA,NDA,NDA,NDA,NDA,NDA,NDA,,,,,NDA,NDA,NDA,NDA,12.6,12.3,14,13.3,0.7,15.4,1.4,12.5,49.5,41.5,1016,35,58.9,150000000000000,1160235.206,1907768.8769999999,41.90262318,-87.68686934,24,WEST TOWN,1,13,"(41.90262318, -87.68686934)"
15,35,610499,COLLINS HS,2.3,3.7,8.3,8.2,8.4,"5,3%",Collins Academy High School,HS,1313 S Sacramento Dr ,Chicago,IL,60623,(773) 534-1840,http://schoolreports.cps.edu/SchoolProgressReport_Eng/Spring2011Eng_610499.pdf,AUSL Schools,WEST SIDE COLLABORATIVE,No,Standard,Not on Probation,Level 2,No,Strong,60.0,Average,42,Average,51.0,Average,46.0,Average,47,Average,48,Strong,54,Strong,56,91.4%,2.9,96.6%,98.7%,NDA,NDA,NDA,NDA,NDA,NDA,NDA,NDA,NDA,NDA,NDA,NDA,,,,,NDA,NDA,NDA,NDA,12.5,12.5,14.2,14.1,1.6,15.6,1.4,20.5,NDA,NDA,409,37,70.4,150000000000000,1156217.24,1893722.861,41.86416169,-87.70200761,29,NORTH LAWNDALE,24,10,"(41.86416169, -87.70200761)"
16,36,609761,CORLISS HS,8.6,5.7,8.5,7.0,8.1,"5,6%",George H Corliss High School,HS,821 E 103rd St ,Chicago,IL,60628,(773) 535-5115,http://schoolreports.cps.edu/SchoolProgressReport_Eng/Spring2011Eng_609761.pdf,Far South Side High School Network,FAR SOUTH SIDE COLLABORATIVE,No,Track_E,Probation,Level 3,No,Weak,33.0,Average,52,Average,40.0,Average,48.0,Average,48,Average,54,NDA,NDA,NDA,NDA,71.3%,23.4,95.2%,98.5%,NDA,NDA,NDA,NDA,NDA,NDA,NDA,NDA,NDA,NDA,NDA,NDA,,,,,NDA,NDA,NDA,NDA,12,11.4,13,12.9,0.9,14.3,1.3,10.6,42.8,44,621,48,76.2,150000000000000,1183649.971,1836810.314,41.70739096,-87.60307842,50,PULLMAN,9,5,"(41.70739096, -87.60307842)"
17,38,609756,CURIE HS,10.9,5.7,7.3,2.1,2.9,"3,3%",Marie Sklodowska Curie Metropolitan High School,HS,4959 S Archer Ave ,Chicago,IL,60632,(773) 535-2100,http://schoolreports.cps.edu/SchoolProgressReport_Eng/Spring2011Eng_609756.pdf,Southwest Side High School Network,SOUTHWEST SIDE COLLABORATIVE,No,Standard,Probation,Level 3,No,Average,43.0,Weak,35,Weak,37.0,Average,45.0,Weak,33,Weak,39,NDA,NDA,NDA,NDA,85.0%,9.1,95.0%,100.0%,NDA,NDA,NDA,NDA,NDA,NDA,NDA,NDA,NDA,NDA,NDA,NDA,,,,,NDA,NDA,NDA,NDA,14.2,14.2,15.6,15.1,0.9,16.9,1.3,22.9,76.1,61.3,3320,37,61,150000000000000,1150928.132,1871413.2030000002,41.80304615,-87.72200673,57,ARCHER HEIGHTS,14,8,"(41.80304615, -87.72200673)"
18,39,610402,DEVRY HS,0.5,0.0,0.5,0.0,0.0,"0,0%",DeVry University Advantage Academy High School,HS,3300 N Campbell ,Chicago,IL,60618,(773) 697-2216,http://schoolreports.cps.edu/SchoolProgressReport_Eng/Spring2011Eng_610402.pdf,North-Northwest Side High School Network,NORTH-NORTHWEST SIDE COLLABORATIVE,No,Standard,Not on Probation,Level 1,No,NDA,,NDA,NDA,NDA,,NDA,,NDA,NDA,NDA,NDA,Strong,58,Strong,55,96.7%,0.0,94.5%,100.0%,NDA,NDA,NDA,NDA,NDA,NDA,NDA,NDA,NDA,NDA,NDA,NDA,,,,,NDA,NDA,NDA,NDA,NDA,NDA,NDA,NDA,NDA,20.7,NDA,40.6,NDA,63.3,200,35,NDA,150000000000000,1159059.4109999998,1921900.745,41.94142629,-87.6907993,5,NORTH CENTER,47,19,"(41.94142629, -87.6907993)"
19,41,610245,DOUGLASS HS,6.3,1.3,17.4,10.5,15.9,"15,7%",Frederick A Douglass Academy High School,HS,543 N Waller Ave ,Chicago,IL,60644,(773) 534-6176,http://schoolreports.cps.edu/SchoolProgressReport_Eng/Spring2011Eng_610245.pdf,West Side High School Network,WEST SIDE COLLABORATIVE,No,Standard,Probation,Level 3,No,Average,44.0,NDA,NDA,Weak,39.0,Weak,37.0,NDA,NDA,NDA,NDA,Average,50,Weak,44,79.2%,28.0,94.7%,100.0%,NDA,NDA,NDA,NDA,NDA,NDA,NDA,NDA,NDA,NDA,NDA,NDA,,,,,NDA,NDA,NDA,NDA,13,12.3,13.8,13.5,0.5,14.8,1,5.1,52.8,39.5,354,36,77.1,150000000000000,1138278.715,1903151.591,41.89037849,-87.76763207,25,AUSTIN,29,15,"(41.89037849, -87.76763207)"
20,42,609676,DUNBAR HS,7.2,5.2,7.1,10.4,6.0,"5,9%",Paul Laurence Dunbar Career Academy High School,HS,3000 S King Dr ,Chicago,IL,60616,(773) 534-9000,http://schoolreports.cps.edu/SchoolProgressReport_Eng/Spring2011Eng_609676.pdf,South Side High School Network,SOUTH SIDE COLLABORATIVE,No,Standard,Probation,Level 3,No,Weak,29.0,Average,57,Weak,31.0,Weak,37.0,Average,57,Average,49,NDA,NDA,NDA,NDA,76.9%,21.5,96.0%,98.0%,NDA,NDA,NDA,NDA,NDA,NDA,NDA,NDA,NDA,NDA,NDA,NDA,,,,,NDA,NDA,NDA,NDA,12.8,12.7,13.9,13.8,1,14.7,0.8,6.9,61.7,51.5,1456,40,65.7,150000000000000,1179262.097,1885167.032,41.84018775,-87.61767315,35,DOUGLAS,2,1,"(41.84018775, -87.61767315)"
21,45,609704,FARRAGUT HS,12.7,13.6,7.4,6.6,5.9,"3,8%",David G Farragut Career Academy High School,HS,2345 S Christiana Ave ,Chicago,IL,60623,(773) 534-1300,http://schoolreports.cps.edu/SchoolProgressReport_Eng/Spring2011Eng_609704.pdf,West Side High School Network,WEST SIDE COLLABORATIVE,No,Standard,Probation,Level 2,No,Average,43.0,NDA,NDA,Average,42.0,Weak,32.0,NDA,NDA,NDA,NDA,NDA,NDA,NDA,NDA,86.1%,18.6,95.2%,99.6%,NDA,NDA,NDA,NDA,NDA,NDA,NDA,NDA,NDA,NDA,NDA,NDA,,,,,NDA,NDA,NDA,NDA,12.6,12.9,14.4,13.9,1.3,16,1.6,13.4,43.2,31.3,1456,37,68.6,150000000000000,1154443.895,1888031.41,41.8485793,-87.70866954,30,SOUTH LAWNDALE,22,10,"(41.8485793, -87.70866954)"
22,46,609705,FENGER HS,21.8,7.7,6.5,6.5,7.8,"3,1%",Christian Fenger Academy High School,HS,11220 S Wallace St ,Chicago,IL,60628,(773) 535-5430,http://schoolreports.cps.edu/SchoolProgressReport_Eng/Spring2011Eng_609705.pdf,Far South Side High School Network,FAR SOUTH SIDE COLLABORATIVE,No,Track_E,Probation,Level 3,No,Weak,36.0,Weak,28,Average,41.0,Weak,32.0,Average,46,Average,42,NDA,NDA,NDA,NDA,74.4%,49.8,95.4%,100.0%,NDA,NDA,NDA,NDA,NDA,NDA,NDA,NDA,NDA,NDA,NDA,NDA,,,,,NDA,NDA,NDA,NDA,12,12.1,12.9,13.3,1.3,14,1.1,11.3,34.8,36.7,688,48,68.2,150000000000000,1174272.711,1830372.91,41.68993885,-87.63760833,49,ROSELAND,34,22,"(41.68993885, -87.63760833)"
23,47,609708,FOREMAN HS,11.1,14.1,16.0,11.5,12.6,"3,8%",Edwin G Foreman High School,HS,3235 N LeClaire Ave ,Chicago,IL,60641,(773) 534-3400,http://schoolreports.cps.edu/SchoolProgressReport_Eng/Spring2011Eng_609708.pdf,North-Northwest Side High School Network,NORTH-NORTHWEST SIDE COLLABORATIVE,No,Standard,Probation,Level 3,No,Weak,26.0,NDA,NDA,Weak,28.0,Weak,23.0,NDA,NDA,NDA,NDA,NDA,NDA,NDA,NDA,84.3%,10.3,94.8%,99.6%,NDA,NDA,NDA,NDA,NDA,NDA,NDA,NDA,NDA,NDA,NDA,NDA,,,,,NDA,NDA,NDA,NDA,13,12.7,14.1,13.7,0.7,15.3,1.2,12.5,59.7,40.9,1716,29,75.6,150000000000000,1141833.3590000002,1921189.138,41.93981043,-87.7541302,15,PORTAGE PARK,30,16,"(41.93981043, -87.7541302)"
24,49,609709,GAGE PARK HS,15.0,7.2,10.0,6.4,1.6,"0,0%",Gage Park High School,HS,5630 S Rockwell St ,Chicago,IL,60629,(773) 535-9230,http://schoolreports.cps.edu/SchoolProgressReport_Eng/Spring2011Eng_609709.pdf,Southwest Side High School Network,SOUTHWEST SIDE COLLABORATIVE,No,Track_E,Probation,Level 3,No,Very Weak,14.0,Average,43,Weak,29.0,Weak,37.0,Weak,38,Weak,35,NDA,NDA,NDA,NDA,72.5%,19.5,94.0%,99.1%,NDA,NDA,NDA,NDA,NDA,NDA,NDA,NDA,NDA,NDA,NDA,NDA,,,,,NDA,NDA,NDA,NDA,12.4,12,13.8,13.6,1.2,14.1,0.3,7.9,52.8,40.3,1052,43,46,150000000000000,1159962.875,1867094.3469999998,41.79101352,-87.68899064,63,GAGE PARK,16,8,"(41.79101352, -87.68899064)"
25,51,609769,GRAHAM HS,7.6,2.2,1.4,1.3,2.1,"1,4%",Ray Graham Training Center High School,HS,2347 S Wabash Ave ,Chicago,IL,60616,(773) 534-9257,http://schoolreports.cps.edu/SchoolProgressReport_Eng/Spring2011Eng_609769.pdf,South Side High School Network,SOUTH SIDE COLLABORATIVE,NDA,Standard,Not Applicable,Not Enough Data,No,Very Strong,90.0,Very Strong,82,Average,52.0,Weak,39.0,Strong,63,Average,52,Average,53,Strong,58,86.3%,3.7,94.3%,100.0%,NDA,NDA,NDA,NDA,NDA,NDA,NDA,NDA,NDA,NDA,NDA,NDA,,,,,NDA,NDA,NDA,NDA,NDA,NDA,NDA,NDA,NDA,NDA,NDA,18.8,10.3,NDA,137,40,NDA,150000000000000,1177161.058,1888615.131,41.84969736,-87.6252787,33,NEAR SOUTH SIDE,2,1,"(41.84969736, -87.6252787)"
26,52,609694,HANCOCK HS,6.6,5.9,5.6,3.0,3.4,"1,5%",John Hancock College Preparatory High School,HS,4034 W 56th St ,Chicago,IL,60629,(773) 535-2410,http://schoolreports.cps.edu/SchoolProgressReport_Eng/Spring2011Eng_609694.pdf,Southwest Side High School Network,SOUTHWEST SIDE COLLABORATIVE,No,Standard,Probation,Level 3,No,Average,51.0,Average,44,Average,44.0,Average,41.0,Weak,37,Average,42,Average,50,Weak,44,78.2%,7.5,95.9%,100.0%,NDA,NDA,NDA,NDA,NDA,NDA,NDA,NDA,NDA,NDA,NDA,NDA,,,,,NDA,NDA,NDA,NDA,14.6,13.8,14.7,15,0.4,15.8,1.1,22.6,56.1,45.9,967,44,87.4,150000000000000,1150280.45,1867197.8269999998,41.79149114,-87.72449161,62,WEST ELSDON,13,8,"(41.79149114, -87.72449161)"
27,53,609710,HARLAN HS,16.7,13.8,9.5,10.5,11.3,"7,3%",John M Harlan Community Academy High School,HS,9652 S Michigan Ave ,Chicago,IL,60628,(773) 535-5400,http://schoolreports.cps.edu/SchoolProgressReport_Eng/Spring2011Eng_609710.pdf,Far South Side High School Network,FAR SOUTH SIDE COLLABORATIVE,No,Standard,Probation,Level 3,No,NDA,,NDA,NDA,NDA,,NDA,,NDA,NDA,NDA,NDA,NDA,NDA,NDA,NDA,81.2%,21.6,94.4%,95.7%,NDA,NDA,NDA,NDA,NDA,NDA,NDA,NDA,NDA,NDA,16,40,17.8,15.6,-2.9,-0.8,Red,Yellow,100,40,13.2,12.9,14.1,13.7,0.5,14.7,0.6,5.9,47.9,55.7,1245,48,64.4,150000000000000,1178815.804,1840781.935,41.71840075,-87.62066069,49,ROSELAND,6,5,"(41.71840075, -87.62066069)"
28,54,609711,HARPER HS,13.0,13.8,10.3,5.1,6.1,"2,4%",William Rainey Harper High School,HS,6520 S Wood St ,Chicago,IL,60636,(773) 535-9150,http://schoolreports.cps.edu/SchoolProgressReport_Eng/Spring2011Eng_609711.pdf,Southwest Side High School Network,SOUTHWEST SIDE COLLABORATIVE,No,Track_E,Probation,Level 2,No,Weak,22.0,Weak,32,Weak,39.0,Average,42.0,Weak,31,Weak,31,Average,49,Average,53,73.0%,63.6,94.7%,100.0%,NDA,NDA,NDA,NDA,NDA,NDA,NDA,NDA,NDA,NDA,NDA,NDA,,,,,NDA,NDA,NDA,NDA,12.2,11.9,13.1,13.4,1.2,14.4,1.3,5.9,37,40.3,621,43,64.2,150000000000000,1165424.867,1861341.255,41.77511222,-87.66912563,67,WEST ENGLEWOOD,15,7,"(41.77511222, -87.66912563)"
29,55,609712,HIRSCH HS,18.0,26.3,27.2,23.7,12.9,"13,6%",Emil G Hirsch Metropolitan High School,HS,7740 S Ingleside Ave ,Chicago,IL,60619,(773) 535-3100,http://schoolreports.cps.edu/SchoolProgressReport_Eng/Spring2011Eng_609712.pdf,South Side High School Network,SOUTH SIDE COLLABORATIVE,No,Track_E,Probation,Level 3,No,Very Weak,13.0,Average,46,Weak,28.0,Weak,28.0,Average,52,Average,50,NDA,NDA,NDA,NDA,84.8%,47.1,95.4%,88.0%,NDA,NDA,NDA,NDA,NDA,NDA,NDA,NDA,NDA,NDA,NDA,NDA,,,,,NDA,NDA,NDA,NDA,11.5,11.2,12.9,12.4,0.9,14.1,1.2,10.8,36.2,45.1,458,46,69.5,150000000000000,1183865.127,1853710.216,41.7537612,-87.60176452,69,GREATER GRAND CROSSING,8,6,"(41.7537612, -87.60176452)"
30,56,609768,HOPE HS,11.5,7.6,10.6,7.9,9.4,"3,9%",Hope College Preparatory High School,HS,5515 S Lowe Ave ,Chicago,IL,60621,(773) 535-3160,http://schoolreports.cps.edu/SchoolProgressReport_Eng/Spring2011Eng_609768.pdf,Southwest Side High School Network,SOUTHWEST SIDE COLLABORATIVE,No,Standard,Probation,Level 3,No,Weak,31.0,Average,51,Weak,37.0,Average,44.0,Average,56,Weak,35,NDA,NDA,NDA,NDA,72.2%,24.0,94.3%,99.1%,NDA,NDA,NDA,NDA,NDA,NDA,NDA,NDA,NDA,NDA,NDA,NDA,,,,,NDA,NDA,NDA,NDA,12.3,13,13.7,13.5,1.2,15,1.3,16.7,55.2,58.2,561,45,63.6,150000000000000,1172948.54,1868120.666,41.79355292,-87.64134488,68,ENGLEWOOD,3,7,"(41.79355292, -87.64134488)"
31,58,609741,HUBBARD HS,9.3,5.6,3.9,2.1,2.3,"4,1%",Gurdon S Hubbard High School,HS,6200 S Hamlin Ave ,Chicago,IL,60629,(773) 535-2200,http://schoolreports.cps.edu/SchoolProgressReport_Eng/Spring2011Eng_609741.pdf,Southwest Side High School Network,SOUTHWEST SIDE COLLABORATIVE,No,Standard,Not on Probation,Level 2,No,Average,42.0,NDA,NDA,Weak,34.0,Weak,29.0,NDA,NDA,NDA,NDA,NDA,NDA,NDA,NDA,89.3%,4.3,96.4%,100.0%,NDA,NDA,NDA,NDA,NDA,NDA,NDA,NDA,NDA,NDA,NDA,NDA,,,,,NDA,NDA,NDA,NDA,14.4,14.2,15.3,15.3,0.9,17.3,2,30.1,57.2,51.3,1672,44,64.5,150000000000000,1152065.741,1863208.025,41.78050763,-87.71804991,65,WEST LAWN,13,8,"(41.78050763, -87.71804991)"
32,59,609713,HYDE PARK HS,16.0,14.3,8.2,4.7,4.5,"0,7%",Hyde Park Academy High School,HS,6220 S Stony Island Ave ,Chicago,IL,60637,(773) 535-0880,http://schoolreports.cps.edu/SchoolProgressReport_Eng/Spring2011Eng_609713.pdf,South Side High School Network,SOUTH SIDE COLLABORATIVE,No,Standard,Probation,Level 3,No,Weak,29.0,Weak,39,Weak,34.0,Average,43.0,Weak,35,Average,41,NDA,NDA,NDA,NDA,70.5%,18.5,94.2%,100.0%,NDA,NDA,NDA,NDA,NDA,NDA,NDA,NDA,NDA,NDA,NDA,NDA,,,,,NDA,NDA,NDA,NDA,13,12.8,14.4,14.1,1.1,15.6,1.2,11.1,51.1,57.6,1518,46,63.7,150000000000000,1187898.897,1864121.427,41.78223539,-87.58665115,42,WOODLAWN,5,3,"(41.78223539, -87.58665115)"
33,60,610384,INFINITY HS,3.6,0.5,2.6,4.2,1.0,"1,2%",Infinity Math Science and Technology High School,HS,3120 S Kostner Ave ,Chicago,IL,60623,(773) 535-4225,http://schoolreports.cps.edu/SchoolProgressReport_Eng/Spring2011Eng_610384.pdf,West Side High School Network,WEST SIDE COLLABORATIVE,No,Track_E,Not on Probation,Level 2,No,Average,58.0,NDA,NDA,Strong,66.0,Strong,65.0,NDA,NDA,NDA,NDA,Average,51,Average,48,92.2%,7.5,96.0%,85.4%,NDA,NDA,NDA,NDA,NDA,NDA,NDA,NDA,NDA,NDA,NDA,NDA,,,,,NDA,NDA,NDA,NDA,14.1,15,14.8,15.1,1,17.2,2.4,29,84.4,55.7,388,37,98.1,150000000000000,1147521.3020000001,1883405.128,41.83601953,-87.73419465,30,SOUTH LAWNDALE,22,10,"(41.83601953, -87.73419465)"
34,65,609678,JONES HS,1.9,1.6,0.2,0.8,0.7,"0,3%",William Jones College Preparatory High School,HS,606 S State St ,Chicago,IL,60605,(773) 534-8600,http://schoolreports.cps.edu/SchoolProgressReport_Eng/Spring2011Eng_609678.pdf,South Side High School Network,SOUTH SIDE COLLABORATIVE,Yes,Standard,Not on Probation,Level 1,No,Very Strong,92.0,NDA,NDA,Strong,64.0,Strong,67.0,NDA,NDA,NDA,NDA,NDA,NDA,NDA,NDA,93.8%,4.5,95.3%,100.0%,NDA,NDA,NDA,NDA,NDA,NDA,NDA,NDA,NDA,NDA,NDA,NDA,,,,,NDA,NDA,NDA,NDA,19.6,20.3,21.3,21.1,1.5,24.8,3.5,83.3,90.1,86.9,871,38,92.8,150000000000000,1176412.354,1897618.0880000002,41.87441898,-87.62775497,32,LOOP,2,1,"(41.87441898, -87.62775497)"
35,66,609764,JUAREZ HS,6.8,4.6,3.2,3.7,4.1,"2,6%",Benito Juarez Community Academy High School,HS,2150 S Laflin St ,Chicago,IL,60608,(773) 534-7030,http://schoolreports.cps.edu/SchoolProgressReport_Eng/Spring2011Eng_609764.pdf,West Side High School Network,WEST SIDE COLLABORATIVE,No,Standard,Probation,Level 3,No,Average,46.0,Average,53,Average,44.0,Average,45.0,Average,49,Average,48,NDA,NDA,NDA,NDA,83.7%,17.2,95.8%,99.5%,NDA,NDA,NDA,NDA,NDA,NDA,NDA,NDA,NDA,NDA,NDA,NDA,,,,,NDA,NDA,NDA,NDA,13.2,13.7,14.6,14.5,1.3,15.8,1.2,14.8,56.2,48.8,1683,39,71.1,150000000000000,1166665.696,1889615.3480000002,41.85267306,-87.66376931,31,LOWER WEST SIDE,25,12,"(41.85267306, -87.66376931)"
36,67,609762,JULIAN HS,8.2,3.9,6.4,4.6,2.6,"1,2%",Percy L Julian High School,HS,10330 S Elizabeth St ,Chicago,IL,60643,(773) 535-5170,http://schoolreports.cps.edu/SchoolProgressReport_Eng/Spring2011Eng_609762.pdf,Far South Side High School Network,FAR SOUTH SIDE COLLABORATIVE,No,Standard,Probation,Level 3,No,Weak,28.0,Average,50,Weak,30.0,Weak,35.0,Average,53,Average,51,NDA,NDA,NDA,NDA,74.6%,33.4,94.2%,98.6%,NDA,NDA,NDA,NDA,NDA,NDA,NDA,NDA,NDA,NDA,NDA,NDA,,,,,NDA,NDA,NDA,NDA,13.1,12.8,14.2,13.9,0.8,14.8,0.6,8.3,60.3,54.9,1226,49,65.3,150000000000000,1169808.363,1836139.004,41.70585971,-87.65378585,73,WASHINGTON HEIGHTS,21,22,"(41.70585971, -87.65378585)"
37,68,609715,KELLY HS,8.9,3.1,2.3,4.2,5.0,"6,6%",Thomas Kelly High School,HS,4136 S California Ave ,Chicago,IL,60632,(773) 535-4900,http://schoolreports.cps.edu/SchoolProgressReport_Eng/Spring2011Eng_609715.pdf,Southwest Side High School Network,SOUTHWEST SIDE COLLABORATIVE,No,Standard,Not on Probation,Level 2,No,Weak,36.0,Average,53,Weak,36.0,Weak,35.0,Strong,61,Average,57,NDA,NDA,NDA,NDA,89.3%,5.8,95.3%,99.7%,NDA,NDA,NDA,NDA,NDA,NDA,NDA,NDA,NDA,NDA,NDA,NDA,,,,,NDA,NDA,NDA,NDA,13.4,13.4,15.1,14.6,1.2,17.1,2,22.1,67.4,46.4,2883,39,65.6,150000000000000,1158337.7859999998,1877175.576,41.81871101,-87.69467483,58,BRIGHTON PARK,14,9,"(41.81871101, -87.69467483)"
38,69,609716,KELVYN PARK HS,14.0,11.2,11.9,8.6,6.8,"7,3%",Kelvyn Park High School,HS,4343 W Wrightwood Ave ,Chicago,IL,60639,(773) 534-4200,http://schoolreports.cps.edu/SchoolProgressReport_Eng/Spring2011Eng_609716.pdf,North-Northwest Side High School Network,NORTH-NORTHWEST SIDE COLLABORATIVE,No,Standard,Probation,Level 3,No,Weak,32.0,Weak,28,Weak,32.0,Weak,28.0,Very Weak,19,Average,43,NDA,NDA,NDA,NDA,74.4%,12.9,94.5%,99.5%,NDA,NDA,NDA,NDA,NDA,NDA,NDA,NDA,NDA,NDA,NDA,NDA,,,,,NDA,NDA,NDA,NDA,12.8,12.2,13.8,13.8,1,14.9,1.1,16.7,54.1,35,1252,29,56.9,150000000000000,1146795.845,1916879.493,41.92789092,-87.73600171,20,HERMOSA,31,25,"(41.92789092, -87.73600171)"
39,70,609718,KENNEDY HS,12.8,11.8,12.3,6.2,6.9,"4,5%",John F Kennedy High School,HS,6325 W 56th St ,Chicago,IL,60638,(773) 535-2325,http://schoolreports.cps.edu/SchoolProgressReport_Eng/Spring2011Eng_609718.pdf,Southwest Side High School Network,SOUTHWEST SIDE COLLABORATIVE,No,Standard,Probation,Level 3,No,Average,53.0,Weak,30,Weak,32.0,Weak,27.0,Weak,22,Weak,24,NDA,NDA,NDA,NDA,83.0%,22.0,94.7%,99.3%,NDA,NDA,NDA,NDA,NDA,NDA,NDA,NDA,NDA,NDA,NDA,NDA,,,,,NDA,NDA,NDA,NDA,14.8,14.1,15.1,15.6,0.8,16.4,1.3,24.4,53.3,52.9,1589,44,59.7,150000000000000,1135044.301,1866707.447,41.79042796,-87.78037224,56,GARFIELD RIDGE,23,8,"(41.79042796, -87.78037224)"
40,71,609746,KENWOOD HS,3.2,4.6,3.1,2.1,2.0,"1,4%",Kenwood Academy High School,HS,5015 S Blackstone Ave ,Chicago,IL,60615,(773) 535-1350,http://schoolreports.cps.edu/SchoolProgressReport_Eng/Spring2011Eng_609746.pdf,South Side High School Network,SOUTH SIDE COLLABORATIVE,No,Standard,Not on Probation,Level 2,No,Strong,63.0,NDA,NDA,Average,48.0,Average,56.0,NDA,NDA,NDA,NDA,NDA,NDA,NDA,NDA,88.4%,5.9,95.3%,99.4%,NDA,NDA,NDA,NDA,NDA,NDA,NDA,NDA,NDA,NDA,60.2,75,69.5,31.0,-1.1,-0.5,Red,Yellow,81.2,49,15.6,15.1,16.8,16.9,1.3,19.1,2.3,26.8,69.5,79.7,1852,46,70.3,150000000000000,1186813.047,1871954.1519999998,41.80375479,-87.59038395,39,KENWOOD,4,2,"(41.80375479, -87.59038395)"
41,72,609751,KING HS,3.2,4.9,3.2,1.9,1.4,"0,6%",Dr  Martin Luther King  Jr  College Prep High School,HS,4445 S Drexel Blvd ,Chicago,IL,60653,(773) 535-1180,http://schoolreports.cps.edu/SchoolProgressReport_Eng/Spring2011Eng_609751.pdf,South Side High School Network,SOUTH SIDE COLLABORATIVE,No,Standard,Not on Probation,Level 1,No,NDA,,NDA,NDA,NDA,,NDA,,NDA,NDA,NDA,NDA,Strong,56,Average,52,92.9%,4.4,96.3%,100.0%,NDA,NDA,NDA,NDA,NDA,NDA,NDA,NDA,NDA,NDA,NDA,NDA,,,,,NDA,NDA,NDA,NDA,17.4,17.7,17.7,18.1,0.7,20.5,2.8,31.9,75.4,85.1,915,40,91.1,150000000000000,1183114.175,1875544.7869999998,41.81369471,-87.60383761,39,KENWOOD,4,2,"(41.81369471, -87.60383761)"
42,73,609719,LAKE VIEW HS,5.4,2.9,1.3,3.4,2.4,"2,7%",Lake View High School,HS,4015 N Ashland Ave ,Chicago,IL,60613,(773) 534-5440,http://schoolreports.cps.edu/SchoolProgressReport_Eng/Spring2011Eng_609719.pdf,North-Northwest Side High School Network,NORTH-NORTHWEST SIDE COLLABORATIVE,No,Standard,Not on Probation,Level 2,No,Strong,64.0,NDA,NDA,Average,52.0,Average,43.0,NDA,NDA,NDA,NDA,Average,49,Weak,43,87.7%,8.5,96.2%,100.0%,NDA,NDA,NDA,NDA,NDA,NDA,NDA,NDA,NDA,NDA,NDA,NDA,,,,,NDA,NDA,NDA,NDA,15.3,15.8,16.1,16.7,1.4,17.8,1.7,36.6,81.4,62.8,1500,33,87.3,150000000000000,1164975.217,1926813.581,41.95478361,-87.66891643,6,LAKE VIEW,47,19,"(41.95478361, -87.66891643)"
43,74,609720,LANE TECH HS,1.4,1.2,1.6,1.9,1.7,"0,6%",Albert G Lane Technical High School,HS,2501 W Addison St ,Chicago,IL,60618,(773) 534-5400,http://schoolreports.cps.edu/SchoolProgressReport_Eng/Spring2011Eng_609720.pdf,North-Northwest Side High School Network,NORTH-NORTHWEST SIDE COLLABORATIVE,Yes,Standard,Not on Probation,Level 1,No,Very Strong,88.0,NDA,NDA,Strong,62.0,Average,52.0,NDA,NDA,NDA,NDA,NDA,NDA,NDA,NDA,96.3%,2.1,96.2%,99.4%,NDA,NDA,NDA,NDA,NDA,NDA,NDA,NDA,NDA,NDA,NDA,NDA,,,,,NDA,NDA,NDA,NDA,19.1,19.5,19.9,20.1,1,23.4,3.5,67.9,92.2,79.8,4368,35,90.7,150000000000000,1158975.392,1923791.705,41.94661693,-87.69105603,5,NORTH CENTER,47,19,"(41.94661693, -87.69105603)"
44,76,609738,LINCOLN PARK HS,4.7,3.1,2.8,1.8,1.8,"2,3%",Lincoln Park High School,HS,2001 N Orchard St ,Chicago,IL,60614,(773) 534-8130,http://schoolreports.cps.edu/SchoolProgressReport_Eng/Spring2011Eng_609738.pdf,North-Northwest Side High School Network,NORTH-NORTHWEST SIDE COLLABORATIVE,No,Standard,Not on Probation,Level 2,No,Strong,65.0,Strong,61,Average,44.0,Average,49.0,Average,45,Average,45,NDA,NDA,NDA,NDA,84.6%,9.2,96.0%,100.0%,NDA,NDA,NDA,NDA,NDA,NDA,NDA,NDA,NDA,NDA,NDA,NDA,,,,,NDA,NDA,NDA,NDA,17.7,18,18.6,19,1.3,21.6,3,53.6,77.9,75.5,2342,33,74.4,150000000000000,1171322.336,1913569.392,41.91830362,-87.64597389,7,LINCOLN PARK,43,18,"(41.91830362, -87.64597389)"
45,77,610391,LINDBLOM HS,5.6,1.4,1.0,0.1,1.1,"2,2%",Robert Lindblom Math & Science Academy High School,HS,6130 S Wolcott Ave ,Chicago,IL,60636,(773) 535-9300,http://schoolreports.cps.edu/SchoolProgressReport_Eng/Spring2011Eng_610391.pdf,Southwest Side High School Network,SOUTHWEST SIDE COLLABORATIVE,No,Track_E,Not on Probation,Level 1,No,Strong,66.0,NDA,NDA,Strong,75.0,Very Strong,85.0,NDA,NDA,NDA,NDA,Strong,55,Average,51,92.7%,2.1,95.9%,100.0%,NDA,NDA,NDA,NDA,NDA,NDA,NDA,NDA,NDA,NDA,49.1,70.2,61.7,37.6,-1.2,-0.8,Red,Yellow,61.1,78.2,18,18.5,19.1,19,1,22.2,3.1,29.1,68.9,85.9,916,43,83.3,150000000000000,1164703.614,1863861.294,41.78204279999999,-87.67169858,67,WEST ENGLEWOOD,15,7,"(41.7820428, -87.67169858)"
46,83,609722,MANLEY HS,18.2,20.7,21.9,12.5,18.4,"7,1%",Manley Career Academy High School,HS,2935 W Polk St ,Chicago,IL,60612,(773) 534-6900,http://schoolreports.cps.edu/SchoolProgressReport_Eng/Spring2011Eng_609722.pdf,West Side High School Network,WEST SIDE COLLABORATIVE,No,Standard,Probation,Level 3,No,Average,41.0,Weak,39,Average,43.0,Weak,31.0,Very Weak,19,Weak,32,NDA,NDA,NDA,NDA,66.8%,19.7,95.4%,98.4%,NDA,NDA,NDA,NDA,NDA,NDA,NDA,NDA,NDA,NDA,NDA,NDA,,,,,NDA,NDA,NDA,NDA,12.2,11.9,13.3,13,0.8,13.8,0.5,6.7,49,51.9,599,37,59.3,150000000000000,1156776.858,1896186.78,41.87091163,-87.69988652,27,EAST GARFIELD PARK,28,11,"(41.87091163, -87.69988652)"
47,84,609780,MARINE LEADERSHIP AT AMES HS,11.054605263157892,13.293406593406589,12.39516129032258,0.3,0.4,"0,4%",Ames Middle School,MS,1920 N Hamlin Ave ,Chicago,IL,60647,(773) 534-4970,http://schoolreports.cps.edu/SchoolProgressReport_Eng/Spring2011Eng_609780.pdf,Fullerton Elementary Network,NORTH-NORTHWEST SIDE COLLABORATIVE,No,Standard,Probation,Level 2,No,Weak,38.0,Very Weak,17,Weak,27.0,Weak,35.0,Weak,26,Weak,26,Average,50,Average,50,94.3%,5.3,96.0%,100.0%,NDA,NDA,NDA,NDA,NDA,NDA,35.1,27.9,76.8,51.1,9.2,18.4,14.5,3.0,-1.9,-1.5,Red,Red,28.8,55,NDA,NDA,NDA,NDA,NDA,NDA,NDA,NDA,NDA,NDA,586,34,NDA,150000000000000,1150696.779,1912593.823,41.91605519,-87.72177945,22,LOGAN SQUARE,26,25,"(41.91605519, -87.72177945)"
48,85,609723,MARSHALL HS,14.6,13.4,16.6,8.2,5.2,"6,3%",John Marshall Metropolitan High School,HS,3250 W Adams St ,Chicago,IL,60624,(773) 534-6455,http://schoolreports.cps.edu/SchoolProgressReport_Eng/Spring2011Eng_609723.pdf,West Side High School Network,WEST SIDE COLLABORATIVE,No,Standard,Probation,Level 3,No,Average,51.0,Average,52,Average,45.0,Average,46.0,Average,49,Average,42,NDA,NDA,NDA,NDA,74.1%,42.9,95.8%,100.0%,NDA,NDA,NDA,NDA,NDA,NDA,NDA,NDA,NDA,NDA,NDA,NDA,,,,,NDA,NDA,NDA,NDA,11.7,11.8,13.4,13.2,1.5,14.6,1.2,6.5,36.8,45.2,726,38,55.2,150000000000000,1154542.5829999999,1898925.511,41.87847194,-87.70801612,27,EAST GARFIELD PARK,28,11,"(41.87847194, -87.70801612)"
49,86,609724,MATHER HS,9.2,7.1,5.8,3.7,6.1,"5,3%",Stephen T Mather High School,HS,5835 N Lincoln Ave ,Chicago,IL,60659,(773) 534-2350,http://schoolreports.cps.edu/SchoolProgressReport_Eng/Spring2011Eng_609724.pdf,North-Northwest Side High School Network,NORTH-NORTHWEST SIDE COLLABORATIVE,No,Standard,Not on Probation,Level 2,No,Average,58.0,Average,44,Average,48.0,Average,47.0,Average,50,Average,56,NDA,NDA,NDA,NDA,87.6%,7.6,96.5%,97.9%,NDA,NDA,NDA,NDA,NDA,NDA,NDA,NDA,NDA,NDA,NDA,NDA,,,,,NDA,NDA,NDA,NDA,14.5,14.4,15,15.4,0.9,15.9,0.9,24.6,56.2,57.4,1657,32,59,150000000000000,1155766.152,1938701.409,41.9875954,-87.70244871,2,WEST RIDGE,40,20,"(41.9875954, -87.70244871)"
50,87,609725,MORGAN PARK HS,13.6,3.7,8.0,6.6,7.3,"4,0%",Morgan Park High School,HS,1744 W Pryor Ave ,Chicago,IL,60643,(773) 535-2550,http://schoolreports.cps.edu/SchoolProgressReport_Eng/Spring2011Eng_609725.pdf,Far South Side High School Network,FAR SOUTH SIDE COLLABORATIVE,No,Track_E,Not on Probation,Level 2,No,Average,40.0,NDA,NDA,Weak,25.0,Weak,38.0,NDA,NDA,NDA,NDA,NDA,NDA,NDA,NDA,84.2%,11.1,94.6%,99.5%,NDA,NDA,NDA,NDA,NDA,NDA,NDA,NDA,NDA,NDA,60,80,52.0,38.2,-1.8,-1.0,Red,Yellow,98.5,64.1,14.7,14.6,15.6,15.9,1.2,17.8,2.2,33.6,80,78.5,1584,49,73.3,150000000000000,1166609.57,1831085.382,41.69206041,-87.66564309,75,MORGAN PARK,19,22,"(41.69206041, -87.66564309)"
51,88,610385,MULTICULTURAL HS,5.1,4.3,3.1,3.7,4.2,"3,3%",Multicultural Academy of Scholarship,HS,3120 S Kostner Ave ,Chicago,IL,60623,(773) 535-4242,http://schoolreports.cps.edu/SchoolProgressReport_Eng/Spring2011Eng_610385.pdf,West Side High School Network,WEST SIDE COLLABORATIVE,No,Track_E,Probation,Level 2,No,Average,48.0,NDA,NDA,Average,47.0,Average,42.0,NDA,NDA,NDA,NDA,Strong,56,Average,52,89.2%,22.4,96.7%,100.0%,NDA,NDA,NDA,NDA,NDA,NDA,NDA,NDA,NDA,NDA,NDA,NDA,,,,,NDA,NDA,NDA,NDA,13,13,14.4,14.1,1.1,15.6,1.2,21.1,58,58.5,324,37,78.7,150000000000000,1147521.3020000001,1883405.128,41.83601953,-87.73419465,30,SOUTH LAWNDALE,22,10,"(41.83601953, -87.73419465)"
52,108,609691,NORTH-GRAND HS,6.7,6.2,6.2,4.3,3.2,"3,2%",North-Grand High School,HS,4338 W Wabansia Ave ,Chicago,IL,60639,(773) 534-8520,http://schoolreports.cps.edu/SchoolProgressReport_Eng/Spring2011Eng_609691.pdf,West Side High School Network,WEST SIDE COLLABORATIVE,No,Standard,Probation,Level 2,No,Average,42.0,NDA,NDA,Weak,39.0,Weak,25.0,NDA,NDA,NDA,NDA,NDA,NDA,NDA,NDA,88.6%,15.3,95.6%,100.0%,NDA,NDA,NDA,NDA,NDA,NDA,NDA,NDA,NDA,NDA,NDA,NDA,,,,,NDA,NDA,NDA,NDA,13.3,12.8,14.1,14.2,0.9,15.4,1.3,15.8,69.7,41.3,883,34,81.3,150000000000000,1147041.135,1910981.274,41.91170094,-87.73525151,23,HUMBOLDT PARK,31,25,"(41.91170094, -87.73525151)"
53,109,609744,NORTHSIDE LEARNING HS,0.0,0.0,0.7,0.0,0.0,"0,9%",Northside Learning Center High School,HS,3730 W Bryn Mawr Ave ,Chicago,IL,60659,(773) 534-5180,http://schoolreports.cps.edu/SchoolProgressReport_Eng/Spring2011Eng_609744.pdf,North-Northwest Side High School Network,NORTH-NORTHWEST SIDE COLLABORATIVE,NDA,Standard,Not Applicable,Not Enough Data,No,Very Strong,99.0,Very Strong,99,Very Strong,81.0,Weak,34.0,Strong,75,Very Strong,84,Strong,62,Strong,59,89.8%,5.3,95.6%,100.0%,NDA,NDA,NDA,NDA,NDA,NDA,NDA,NDA,NDA,NDA,NDA,NDA,,,,,NDA,NDA,NDA,NDA,NDA,NDA,NDA,NDA,NDA,NDA,NDA,66.7,0,NDA,298,31,NDA,150000000000000,1150357.037,1936987.496,41.98299994,-87.72238881,13,NORTH PARK,39,17,"(41.98299994, -87.72238881)"
54,110,609749,NORTHSIDE PREP HS,0.9,0.3,0.2,0.4,0.1,"0,8%",Northside College Preparatory High School,HS,5501 N Kedzie Ave ,Chicago,IL,60625,(773) 534-3954,http://schoolreports.cps.edu/SchoolProgressReport_Eng/Spring2011Eng_609749.pdf,North-Northwest Side High School Network,NORTH-NORTHWEST SIDE COLLABORATIVE,Yes,Standard,Not on Probation,Level 1,No,Very Strong,99.0,NDA,NDA,Very Strong,99.0,Very Strong,88.0,NDA,NDA,NDA,NDA,Strong,57,Strong,62,95.7%,2.8,96.8%,98.4%,NDA,NDA,NDA,NDA,NDA,NDA,NDA,NDA,NDA,NDA,NDA,NDA,,,,,NDA,NDA,NDA,NDA,22.4,22.2,24.5,24.7,2.3,28.8,4.3,98,97.6,90.7,1053,31,95.9,150000000000000,1154090.8590000002,1936413.866,41.98135196,-87.70867192,13,NORTH PARK,40,17,"(41.98135196, -87.70867192)"
55,111,610529,OGDEN HS,6.9,6.6,4.3,1.2,2.1,"0,3%",Ogden International High School,HS,1250 W Erie St ,Chicago,IL,60622,(773) 534-0866,http://schoolreports.cps.edu/SchoolProgressReport_Eng/Spring2011Eng_610529.pdf,North-Northwest Side High School Network,NORTH-NORTHWEST SIDE COLLABORATIVE,Yes,Standard,Not on Probation,Not Enough Data,No,Average,56.0,NDA,NDA,Weak,39.0,Weak,24.0,NDA,NDA,NDA,NDA,NDA,NDA,NDA,NDA,94.2%,13.7,0.0%,100.0%,NDA,NDA,NDA,NDA,NDA,NDA,61.9,71.6,48.1,61.6,47.9,69.2,42.6,38.9,-0.6,-0.6,Red,Yellow,58.7,29,14.5,14.7,NDA,16,1.5,NDA,NDA,NDA,NDA,NDA,558,35,93.3,150000000000000,1167748.1,1904529.595,41.89357570000001,-87.65936676,24,WEST TOWN,27,13,"(41.8935757, -87.65936676)"
56,115,610389,ORR HS,25.0,27.8,10.7,25.1,19.0,"10,3%",Orr Academy High School,HS,730 N Pulaski Rd ,Chicago,IL,60624,(773) 534-6500,http://schoolreports.cps.edu/SchoolProgressReport_Eng/Spring2011Eng_610389.pdf,AUSL Schools,WEST SIDE COLLABORATIVE,No,Standard,Probation,Level 3,No,NDA,,NDA,NDA,NDA,,NDA,,NDA,NDA,NDA,NDA,NDA,NDA,NDA,NDA,66.3%,10.2,95.0%,99.6%,NDA,NDA,NDA,NDA,NDA,NDA,NDA,NDA,NDA,NDA,NDA,NDA,,,,,NDA,NDA,NDA,NDA,11.7,12,13.6,13.3,1.6,15.1,1.5,5.8,NDA,51.9,831,34,59.5,150000000000000,1149548.53,1904711.708,41.89444828,-87.72620305,23,HUMBOLDT PARK,28,11,"(41.89444828, -87.72620305)"
57,119,609680,PAYTON HS,2.1,0.9,0.6,0.4,0.7,"0,9%",Walter Payton College Preparatory High School,HS,1034 N Wells St ,Chicago,IL,60610,(773) 534-0034,http://schoolreports.cps.edu/SchoolProgressReport_Eng/Spring2011Eng_609680.pdf,North-Northwest Side High School Network,NORTH-NORTHWEST SIDE COLLABORATIVE,Yes,Standard,Not on Probation,Level 1,No,Very Strong,98.0,NDA,NDA,Very Strong,80.0,Strong,77.0,NDA,NDA,NDA,NDA,NDA,NDA,NDA,NDA,93.4%,0.7,96.1%,100.0%,NDA,NDA,NDA,NDA,NDA,NDA,NDA,NDA,NDA,NDA,NDA,NDA,,,,,NDA,NDA,NDA,NDA,21.2,21.8,23.1,23.2,2,27,3.9,96.4,96.9,82.4,881,33,90.7,150000000000000,1174484.638,1907490.082,41.90155157,-87.63453744,8,NEAR NORTH SIDE,27,18,"(41.90155157, -87.63453744)"
58,125,609727,PHILLIPS HS,11.4,8.8,8.4,10.1,10.3,"6,8%",Wendell Phillips Academy High School,HS,244 E Pershing Rd ,Chicago,IL,60653,(773) 535-1603,http://schoolreports.cps.edu/SchoolProgressReport_Eng/Spring2011Eng_609727.pdf,AUSL Schools,SOUTH SIDE COLLABORATIVE,No,Track_E,Probation,Level 3,No,NDA,,Strong,71,NDA,,NDA,,Very Strong,80,Strong,79,NDA,NDA,NDA,NDA,63.0%,22.0,96.1%,100.0%,NDA,NDA,NDA,NDA,NDA,NDA,NDA,NDA,NDA,NDA,NDA,NDA,,,,,NDA,NDA,NDA,NDA,11.5,12.8,13.4,12.9,1.4,15,1.6,2.5,40.3,42.6,590,40,32.1,150000000000000,1178735.106,1879229.78,41.82390751,-87.61978794,35,DOUGLAS,3,2,"(41.82390751, -87.61978794)"
59,126,610304,PHOENIX MILITARY HS,4.3,2.1,1.3,0.8,0.2,"0,2%",Phoenix Military Academy High School,HS,145 S Campbell Ave ,Chicago,IL,60612,(773) 534-7275,http://schoolreports.cps.edu/SchoolProgressReport_Eng/Spring2011Eng_610304.pdf,West Side High School Network,WEST SIDE COLLABORATIVE,No,Standard,Not on Probation,Level 1,No,Average,53.0,NDA,NDA,Average,59.0,Strong,78.0,NDA,NDA,NDA,NDA,Average,52,Average,48,92.1%,4.3,97.4%,100.0%,NDA,NDA,NDA,NDA,NDA,NDA,NDA,NDA,NDA,NDA,NDA,NDA,,,,,NDA,NDA,NDA,NDA,14.7,14.9,15.9,15.9,1.2,18.6,2.7,33.9,74.8,51.3,461,38,74.1,150000000000000,1159815.389,1899102.4919999999,41.87885054,-87.68865058,28,NEAR WEST SIDE,2,11,"(41.87885054, -87.68865058)"
60,127,609679,PROSSER HS,4.4,1.6,2.3,2.3,0.7,"0,8%",Charles Allen Prosser Career Academy High School,HS,2148 N Long Ave ,Chicago,IL,60639,(773) 534-3200,http://schoolreports.cps.edu/SchoolProgressReport_Eng/Spring2011Eng_609679.pdf,North-Northwest Side High School Network,NORTH-NORTHWEST SIDE COLLABORATIVE,No,Standard,Not on Probation,Level 2,No,Average,59.0,Average,47,Average,53.0,Average,51.0,Weak,37,Average,44,Weak,46,Weak,45,86.0%,9.7,94.4%,99.4%,NDA,NDA,NDA,NDA,NDA,NDA,NDA,NDA,NDA,NDA,NDA,NDA,,,,,NDA,NDA,NDA,NDA,15.5,15.1,16.3,16.2,0.7,17.9,1.6,27.7,78.7,58,1415,29,79.4,150000000000000,1139989.443,1913970.649,41.92003613,-87.76108432,19,BELMONT CRAGIN,37,25,"(41.92003613, -87.76108432)"
61,128,610334,RABY HS,7.2,2.6,3.7,3.8,3.2,"2,5%",Al Raby High School,HS,3545 W Fulton Blvd ,Chicago,IL,60624,(773) 534-6755,http://schoolreports.cps.edu/SchoolProgressReport_Eng/Spring2011Eng_610334.pdf,West Side High School Network,WEST SIDE COLLABORATIVE,No,Track_E,Probation,Level 3,No,Average,52.0,NDA,NDA,Average,51.0,Average,53.0,NDA,NDA,NDA,NDA,NDA,NDA,NDA,NDA,80.3%,14.0,95.1%,100.0%,NDA,NDA,NDA,NDA,NDA,NDA,NDA,NDA,NDA,NDA,NDA,NDA,,,,,NDA,NDA,NDA,NDA,12.8,13,14.1,14,1.2,15.2,1.1,13.5,72.2,64.2,551,34,74.3,150000000000000,1152512.295,1901720.85,41.886183,-87.71539705,27,EAST GARFIELD PARK,28,11,"(41.886183, -87.71539705)"
62,129,609682,RICHARDS HS,3.7,8.6,12.1,4.8,6.3,"7,9%",Ellen H Richards Career Academy High School,HS,5009 S Laflin St ,Chicago,IL,60609,(773) 535-4945,http://schoolreports.cps.edu/SchoolProgressReport_Eng/Spring2011Eng_609682.pdf,Southwest Side High School Network,SOUTHWEST SIDE COLLABORATIVE,No,Track_E,Probation,Level 2,No,Weak,30.0,Weak,23,Weak,32.0,Very Weak,19.0,Average,42,Weak,34,Weak,43,Average,47,90.6%,17.3,95.7%,100.0%,NDA,NDA,NDA,NDA,NDA,NDA,NDA,NDA,NDA,NDA,NDA,NDA,,,,,NDA,NDA,NDA,NDA,11.8,12,13.1,12.8,1,14,0.9,5.5,57.3,43.1,473,42,63.5,150000000000000,1167224.006,1871465.305,41.80285552,-87.66224052,61,NEW CITY,16,9,"(41.80285552, -87.66224052)"
63,130,610390,RICKOVER MILITARY HS,4.9,1.0,0.4,0.7,0.5,"0,2%",Hyman G Rickover Naval Academy High School,HS,5900 N Glenwood Ave ,Chicago,IL,60660,(773) 534-2890,http://schoolreports.cps.edu/SchoolProgressReport_Eng/Spring2011Eng_610390.pdf,North-Northwest Side High School Network,NORTH-NORTHWEST SIDE COLLABORATIVE,No,Standard,Not on Probation,Level 2,No,Strong,64.0,NDA,NDA,Strong,64.0,Average,42.0,NDA,NDA,NDA,NDA,Average,53,Average,48,92.9%,15.4,95.9%,100.0%,NDA,NDA,NDA,NDA,NDA,NDA,NDA,NDA,NDA,NDA,NDA,NDA,,,,,NDA,NDA,NDA,NDA,15.2,15.4,16.5,15.8,0.6,18.7,2.2,23.4,63,63.5,423,32,90.7,150000000000000,1165871.81,1939308.369,41.98905063,-87.66526222,77,EDGEWATER,48,20,"(41.98905063, -87.66526222)"
64,131,609707,ROBESON HS,22.1,12.9,15.9,15.5,11.7,"4,1%",Paul Robeson High School,HS,6835 S Normal Blvd ,Chicago,IL,60621,(773) 535-3800,http://schoolreports.cps.edu/SchoolProgressReport_Eng/Spring2011Eng_609707.pdf,Southwest Side High School Network,SOUTHWEST SIDE COLLABORATIVE,No,Track_E,Probation,Level 3,No,Weak,29.0,NDA,NDA,Weak,33.0,Average,40.0,NDA,NDA,NDA,NDA,NDA,NDA,NDA,NDA,73.5%,26.4,94.7%,97.6%,NDA,NDA,NDA,NDA,NDA,NDA,NDA,NDA,NDA,NDA,NDA,NDA,,,,,NDA,NDA,NDA,NDA,11.6,11,12.7,12.7,1.1,13.6,0.9,2.9,40.6,42.2,733,45,53.3,150000000000000,1174171.884,1859450.314,41.76973341,-87.63711641,68,ENGLEWOOD,6,7,"(41.76973341, -87.63711641)"
65,132,609728,ROOSEVELT HS,11.3,4.4,8.9,8.9,8.8,"8,5%",Theodore Roosevelt High School,HS,3436 W Wilson Ave ,Chicago,IL,60625,(773) 534-5000,http://schoolreports.cps.edu/SchoolProgressReport_Eng/Spring2011Eng_609728.pdf,North-Northwest Side High School Network,NORTH-NORTHWEST SIDE COLLABORATIVE,No,Standard,Probation,Level 3,No,Average,42.0,NDA,NDA,Average,42.0,Weak,37.0,NDA,NDA,NDA,NDA,NDA,NDA,NDA,NDA,82.3%,9.7,96.1%,100.0%,NDA,NDA,NDA,NDA,NDA,NDA,NDA,NDA,NDA,NDA,NDA,NDA,,,,,NDA,NDA,NDA,NDA,12.9,13.4,14.3,14,1.1,15.7,1.4,13.7,59.4,42.9,1490,31,61.2,150000000000000,1152459.778,1930390.229,41.96485522,-87.71483051,14,ALBANY PARK,33,17,"(41.96485522, -87.71483051)"
66,133,609729,SCHURZ HS,10.2,8.5,6.9,5.8,5.9,"5,1%",Carl Schurz High School,HS,3601 N Milwaukee Ave ,Chicago,IL,60641,(773) 534-3420,http://schoolreports.cps.edu/SchoolProgressReport_Eng/Spring2011Eng_609729.pdf,North-Northwest Side High School Network,NORTH-NORTHWEST SIDE COLLABORATIVE,No,Standard,Probation,Level 3,No,Average,48.0,Weak,36,Weak,36.0,Weak,29.0,Weak,30,Weak,31,NDA,NDA,NDA,NDA,81.2%,13.8,96.0%,98.9%,NDA,NDA,NDA,NDA,NDA,NDA,NDA,NDA,NDA,NDA,NDA,NDA,,,,,NDA,NDA,NDA,NDA,13.1,12.9,14.3,14,0.9,15.6,1.3,9.7,62.1,40.4,2366,29,61.6,150000000000000,1146851.1979999999,1923627.843,41.94640794,-87.73562542,16,IRVING PARK,38,17,"(41.94640794, -87.73562542)"
67,134,609730,SENN HS,11.2,6.4,3.8,3.4,3.6,"2,3%",Nicholas Senn High School,HS,5900 N Glenwood Ave ,Chicago,IL,60660,(773) 534-2365,http://schoolreports.cps.edu/SchoolProgressReport_Eng/Spring2011Eng_609730.pdf,North-Northwest Side High School Network,NORTH-NORTHWEST SIDE COLLABORATIVE,No,Standard,Probation,Level 3,No,Average,48.0,NDA,NDA,Average,45.0,Average,42.0,NDA,NDA,NDA,NDA,NDA,NDA,NDA,NDA,81.7%,41.3,96.4%,100.0%,NDA,NDA,NDA,NDA,NDA,NDA,NDA,NDA,NDA,NDA,NDA,NDA,,,,,NDA,NDA,NDA,NDA,12.8,14.3,14.3,13.9,1.1,15.8,1.5,17.5,40.1,54.4,1053,32,79.8,150000000000000,1165871.81,1939308.369,41.98905063,-87.66526222,77,EDGEWATER,48,20,"(41.98905063, -87.66526222)"
68,135,609692,SIMEON HS,5.1,3.5,2.5,1.5,0.7,"1,1%",Neal F Simeon Career Academy High School,HS,8147 S Vincennes Ave ,Chicago,IL,60620,(773) 535-3200,http://schoolreports.cps.edu/SchoolProgressReport_Eng/Spring2011Eng_609692.pdf,South Side High School Network,SOUTH SIDE COLLABORATIVE,No,Standard,Probation,Level 3,No,Average,52.0,NDA,NDA,Weak,33.0,Average,42.0,NDA,NDA,NDA,NDA,NDA,NDA,NDA,NDA,78.6%,2.1,94.3%,100.0%,NDA,NDA,NDA,NDA,NDA,NDA,NDA,NDA,NDA,NDA,NDA,NDA,,,,,NDA,NDA,NDA,NDA,14.3,14.1,15.3,14.8,0.5,16.2,0.9,14.8,75.2,74,1535,45,68.5,150000000000000,1174719.074,1850730.1919999998,41.74579217,-87.63537,44,CHATHAM,21,6,"(41.74579217, -87.63537)"
69,137,610383,SOCIAL JUSTICE HS,5.1,3.7,3.5,5.3,2.6,"2,1%",Greater Lawndale High School For Social Justice,HS,3120 S Kostner Ave ,Chicago,IL,60623,(773) 535-4300,http://schoolreports.cps.edu/SchoolProgressReport_Eng/Spring2011Eng_610383.pdf,West Side High School Network,WEST SIDE COLLABORATIVE,No,Track_E,Probation,Level 3,No,Average,43.0,Strong,72,Average,46.0,Average,44.0,Very Strong,81,Strong,65,Average,53,Weak,46,87.5%,16.4,95.1%,95.6%,NDA,NDA,NDA,NDA,NDA,NDA,NDA,NDA,NDA,NDA,NDA,NDA,,,,,NDA,NDA,NDA,NDA,13.6,14,14.5,14.4,0.8,15.7,1.2,14.9,67,57.4,371,37,87.4,150000000000000,1147521.3020000001,1883405.128,41.83601953,-87.73419465,30,SOUTH LAWNDALE,22,10,"(41.83601953, -87.73419465)"
70,138,610543,SOLORIO HS,6.7,2.4,2.5,2.6,1.9,"0,6%",Eric Solorio Academy High School,HS,5400 S St Louis Ave ,Chicago,IL,60632,(773) 535-9070,http://schoolreports.cps.edu/SchoolProgressReport_Eng/Spring2011Eng_610543.pdf,AUSL Schools,SOUTHWEST SIDE COLLABORATIVE,NDA,Standard,Not on Probation,Not Enough Data,No,Strong,67.0,Average,54,Average,53.0,Strong,63.0,Strong,62,Strong,64,Average,53,Strong,56,92.2%,3.0,0.0%,100.0%,NDA,NDA,NDA,NDA,NDA,NDA,NDA,NDA,NDA,NDA,NDA,NDA,,,,,NDA,NDA,NDA,NDA,NDA,13.9,NDA,NDA,NDA,NDA,NDA,NDA,NDA,NDA,581,44,85.6,150000000000000,1153924.117,1868568.611,41.79518118,-87.71109447,63,GAGE PARK,14,8,"(41.79518118, -87.71109447)"
71,140,609745,SOUTHSIDE HS,8.3,10.6,11.5,7.1,16.4,"17,0%",Southside Occupational Academy High School,HS,7342 S Hoyne Ave ,Chicago,IL,60636,(773) 535-9100,http://schoolreports.cps.edu/SchoolProgressReport_Eng/Spring2011Eng_609745.pdf,Southwest Side High School Network,SOUTHWEST SIDE COLLABORATIVE,NDA,Track_E,Not Applicable,Not Enough Data,No,NDA,,Average,52,NDA,,NDA,,Average,47,Strong,60,Strong,63,Strong,60,85.5%,13.1,95.2%,100.0%,NDA,NDA,NDA,NDA,NDA,NDA,NDA,NDA,NDA,NDA,NDA,NDA,,,,,NDA,NDA,NDA,NDA,NDA,NDA,NDA,NDA,NDA,NDA,NDA,40,71.7,NDA,201,43,NDA,150000000000000,1163596.617,1855772.0590000001,41.75986813,-87.6759838,67,WEST ENGLEWOOD,17,7,"(41.75986813, -87.6759838)"
72,141,610357,SPRY HS,1.3,1.1,1.6,4.7,4.7,"13,0%",Spry Community Links High School,HS,2400 S Marshall Blvd ,Chicago,IL,60623,(773) 534-1997,http://schoolreports.cps.edu/SchoolProgressReport_Eng/Spring2011Eng_610357.pdf,West Side High School Network,WEST SIDE COLLABORATIVE,No,Standard,Not on Probation,Level 2,No,Strong,70.0,NDA,NDA,Very Strong,92.0,Very Strong,87.0,NDA,NDA,NDA,NDA,Strong,56,Average,51,95.6%,9.7,95.7%,100.0%,NDA,NDA,NDA,NDA,NDA,NDA,NDA,NDA,NDA,NDA,NDA,NDA,,,,,NDA,NDA,NDA,NDA,14.3,14.6,15.5,15.9,1.6,16.9,1.4,35,73.7,65.2,205,39,92.8,150000000000000,1157044.9109999998,1887895.675,41.84815451,-87.69912725,30,SOUTH LAWNDALE,12,10,"(41.84815451, -87.69912725)"
73,142,609732,STEINMETZ HS,15.1,7.9,7.7,5.9,4.2,"6,4%",Charles P Steinmetz Academic Centre High School,HS,3030 N Mobile Ave ,Chicago,IL,60634,(773) 534-3030,http://schoolreports.cps.edu/SchoolProgressReport_Eng/Spring2011Eng_609732.pdf,North-Northwest Side High School Network,NORTH-NORTHWEST SIDE COLLABORATIVE,No,Standard,Probation,Level 3,No,Weak,26.0,Weak,35,Weak,29.0,Weak,34.0,Weak,36,Weak,32,NDA,NDA,NDA,NDA,79.2%,30.4,96.2%,99.6%,NDA,NDA,NDA,NDA,NDA,NDA,NDA,NDA,NDA,NDA,NDA,NDA,,,,,NDA,NDA,NDA,NDA,13,13.8,13.8,14.3,1.3,16.1,2.3,16.3,56.7,47,1890,30,70.3,150000000000000,1133838.348,1919613.6940000001,41.93563171,-87.78355194,19,BELMONT CRAGIN,36,25,"(41.93563171, -87.78355194)"
74,143,609733,SULLIVAN HS,13.0,13.4,14.1,7.5,5.7,"10,1%",Roger C Sullivan High School,HS,6631 N Bosworth Ave ,Chicago,IL,60626,(773) 534-2000,http://schoolreports.cps.edu/SchoolProgressReport_Eng/Spring2011Eng_609733.pdf,North-Northwest Side High School Network,NORTH-NORTHWEST SIDE COLLABORATIVE,No,Standard,Probation,Level 3,No,Weak,30.0,Average,44,Weak,34.0,Weak,34.0,Average,42,Weak,33,Weak,44,Weak,45,81.6%,14.7,95.8%,94.4%,NDA,NDA,NDA,NDA,NDA,NDA,NDA,NDA,NDA,NDA,NDA,NDA,,,,,NDA,NDA,NDA,NDA,12.6,13.2,13.8,13.5,0.9,15.4,1.6,14.8,39.3,52.1,826,32,68.6,150000000000000,1164774.883,1944269.292,42.00268694,-87.66915533,1,ROGERS PARK,40,24,"(42.00268694, -87.66915533)"
75,144,609734,TAFT HS,8.6,7.3,3.4,7.4,3.2,"1,7%",William Howard Taft High School,HS,6530 W Bryn Mawr Ave ,Chicago,IL,60631,(773) 534-1000,http://schoolreports.cps.edu/SchoolProgressReport_Eng/Spring2011Eng_609734.pdf,North-Northwest Side High School Network,NORTH-NORTHWEST SIDE COLLABORATIVE,No,Standard,Not on Probation,Level 2,No,Strong,61.0,NDA,NDA,Weak,37.0,Weak,32.0,NDA,NDA,NDA,NDA,NDA,NDA,NDA,NDA,89.1%,9.8,96.1%,99.7%,NDA,NDA,NDA,NDA,NDA,NDA,91.8,93.6,41.3,59.8,71.9,88.4,80.2,50.6,-3.1,-1.8,Red,Red,74.4,60,14.8,15.7,15.9,16.4,1.6,17.9,2,32.3,67.4,62.2,2922,30,77.3,150000000000000,1131556.247,1936856.822,41.98298852,-87.79153829999998,10,NORWOOD PARK,41,16,"(41.98298852, -87.7915383)"
76,145,610506,TEAM HS,5.5,5.4,9.7,4.1,6.8,"6,0%",TEAM Englewood Community Academy High School,HS,6201 S Stewart Ave ,Chicago,IL,60621,(773) 535-3530,http://schoolreports.cps.edu/SchoolProgressReport_Eng/Spring2011Eng_610506.pdf,Southwest Side High School Network,SOUTHWEST SIDE COLLABORATIVE,No,Track_E,Probation,Level 2,No,Average,45.0,Average,48,Average,55.0,Average,53.0,Strong,74,Strong,68,Strong,58,Average,49,87.3%,8.2,96.5%,100.0%,NDA,NDA,NDA,NDA,NDA,NDA,NDA,NDA,NDA,NDA,NDA,NDA,,,,,NDA,NDA,NDA,NDA,12,12.4,14.3,13.3,1.3,15.3,1,7.9,NDA,NDA,440,45,77.4,150000000000000,1174730.35,1863740.125,41.7814927,-87.63494163,68,ENGLEWOOD,20,7,"(41.7814927, -87.63494163)"
77,146,609735,TILDEN HS,21.9,12.1,8.5,10.0,7.9,"6,0%",Edward Tilden Career Community Academy High School,HS,4747 S Union Ave ,Chicago,IL,60609,(773) 535-1625,http://schoolreports.cps.edu/SchoolProgressReport_Eng/Spring2011Eng_609735.pdf,Southwest Side High School Network,SOUTHWEST SIDE COLLABORATIVE,No,Track_E,Probation,Level 2,No,Weak,34.0,Average,57,Average,45.0,Weak,37.0,Average,54,Weak,35,Average,51,Average,47,78.4%,13.0,95.2%,100.0%,NDA,NDA,NDA,NDA,NDA,NDA,NDA,NDA,NDA,NDA,NDA,NDA,,,,,NDA,NDA,NDA,NDA,11.6,12,12.9,12.9,1.3,13.5,0.6,10.5,41.1,37,461,42,86.5,150000000000000,1172475.4740000002,1873203.826,41.80751207,-87.64292985,61,NEW CITY,11,9,"(41.80751207, -87.64292985)"
78,151,610394,UPLIFT HS,4.2,7.6,4.3,1.9,5.1,"6,4%",Uplift Community High School,HS,900 W Wilson Ave ,Chicago,IL,60640,(773) 534-2875,http://schoolreports.cps.edu/SchoolProgressReport_Eng/Spring2011Eng_610394.pdf,North-Northwest Side High School Network,NORTH-NORTHWEST SIDE COLLABORATIVE,No,Standard,Not on Probation,Level 2,No,Average,50.0,Average,50,Strong,61.0,Strong,62.0,Average,48,Average,53,NDA,NDA,NDA,NDA,88.7%,8.1,95.9%,98.3%,NDA,NDA,NDA,NDA,NDA,NDA,51.2,34.9,70,29.3,14.8,14.8,23.3,2.3,0.8,-0.2,Yellow,Yellow,NDA,NDA,13.6,13.9,14.9,14.7,1.1,16.9,2,19.6,62.4,65,473,32,91.4,150000000000000,1169403.4009999998,1930780.685,41.96557412,-87.65252191,3,UPTOWN,46,19,"(41.96557412, -87.65252191)"
79,155,609766,VAUGHN HS,2.8,1.9,2.8,1.9,1.0,"1,0%",Jacqueline B Vaughn Occupational High School,HS,4355 N Linder Ave ,Chicago,IL,60641,(773) 534-3600,http://schoolreports.cps.edu/SchoolProgressReport_Eng/Spring2011Eng_609766.pdf,North-Northwest Side High School Network,NORTH-NORTHWEST SIDE COLLABORATIVE,NDA,Track_E,Not Applicable,Not Enough Data,No,Average,57.0,Strong,72,Weak,33.0,Weak,20.0,Strong,67,Strong,69,Strong,63,Strong,57,87.6%,3.7,95.5%,100.0%,NDA,NDA,NDA,NDA,NDA,NDA,NDA,NDA,NDA,NDA,NDA,NDA,,,,,NDA,NDA,NDA,NDA,NDA,NDA,NDA,NDA,NDA,NDA,NDA,55.6,65.3,NDA,203,30,NDA,150000000000000,1138928.091,1928655.205,41.96035141,-87.76462602,15,PORTAGE PARK,38,16,"(41.96035141, -87.76462602)"
80,156,609737,VON STEUBEN HS,2.9,1.3,1.2,0.8,0.9,"0,4%",Friedrich W von Steuben Metropolitan Science High School,HS,5039 N Kimball Ave ,Chicago,IL,60625,(773) 534-5100,http://schoolreports.cps.edu/SchoolProgressReport_Eng/Spring2011Eng_609737.pdf,North-Northwest Side High School Network,NORTH-NORTHWEST SIDE COLLABORATIVE,No,Standard,Not on Probation,Level 2,No,Strong,70.0,Weak,39,Average,42.0,Average,51.0,Weak,26,Weak,29,NDA,NDA,NDA,NDA,87.0%,4.0,95.6%,99.2%,NDA,NDA,NDA,NDA,NDA,NDA,NDA,NDA,NDA,NDA,NDA,NDA,,,,,NDA,NDA,NDA,NDA,15.9,15.7,17.3,16.7,0.8,20.4,3.1,34.6,88.2,78.5,1636,31,76.8,150000000000000,1152840.522,1933431.315,41.973192600000004,-87.71334969,13,NORTH PARK,39,17,"(41.9731926, -87.71334969)"
81,157,609739,WASHINGTON HS,9.6,7.4,6.4,2.8,2.7,"4,5%",George Washington High School,HS,3535 E 114th St ,Chicago,IL,60617,(773) 535-5725,http://schoolreports.cps.edu/SchoolProgressReport_Eng/Spring2011Eng_609739.pdf,Far South Side High School Network,FAR SOUTH SIDE COLLABORATIVE,No,Standard,Probation,Level 2,No,Average,46.0,Average,53,Weak,36.0,Weak,36.0,Average,52,Average,46,NDA,NDA,NDA,NDA,80.2%,12.7,95.1%,99.5%,NDA,NDA,NDA,NDA,NDA,NDA,NDA,NDA,NDA,NDA,NDA,NDA,,,,,NDA,NDA,NDA,NDA,13.4,13.6,14.3,14.1,0.7,15.5,1.2,14,71.6,50.9,1524,47,78.6,150000000000000,1201607.873,1829942.879,41.688109399999995,-87.53755009999999,52,EAST SIDE,10,4,"(41.6881094, -87.5375501)"
82,158,609740,WELLS HS,13.5,15.9,9.9,6.2,3.8,"3,3%",Wells Community Academy High School,HS,936 N Ashland Ave ,Chicago,IL,60622,(773) 534-7010,http://schoolreports.cps.edu/SchoolProgressReport_Eng/Spring2011Eng_609740.pdf,West Side High School Network,WEST SIDE COLLABORATIVE,No,Standard,Probation,Level 2,No,Average,51.0,Average,49,Average,41.0,Weak,38.0,Strong,65,Average,49,NDA,NDA,NDA,NDA,74.1%,16.9,96.2%,96.7%,NDA,NDA,NDA,NDA,NDA,NDA,NDA,NDA,NDA,NDA,NDA,NDA,,,,,NDA,NDA,NDA,NDA,12.8,12.4,14.2,13.6,0.8,14.9,0.7,7.2,59.3,43.8,633,35,61.3,150000000000000,1165512.916,1906490.72,41.89900506,-87.66751989,24,WEST TOWN,1,13,"(41.89900506, -87.66751989)"
83,159,609693,WESTINGHOUSE HS,2.6,0.6,1.2,0.7,0.4,"0,3%",George Westinghouse High School,HS,3223 W Franklin Blvd ,Chicago,IL,60624,(773) 534-6400,http://schoolreports.cps.edu/SchoolProgressReport_Eng/Spring2011Eng_609693.pdf,West Side High School Network,WEST SIDE COLLABORATIVE,NDA,Standard,Not on Probation,Not Enough Data,No,Strong,74.0,Strong,72,Strong,77.0,Very Strong,80.0,Very Strong,86,Strong,71,Strong,54,Strong,60,93.6%,2.0,96.8%,100.0%,NDA,NDA,NDA,NDA,NDA,NDA,NDA,NDA,NDA,NDA,NDA,NDA,,,,,NDA,NDA,NDA,NDA,16.1,16.9,NDA,17.1,1,NDA,NDA,NDA,NDA,NDA,828,34,90.5,150000000000000,1154695.243,1903109.304,41.88994963,-87.70734353,23,HUMBOLDT PARK,28,11,"(41.88994963, -87.70734353)"
84,160,610380,WILLIAMS HS,2.3,1.7,5.8,0.7,1.2,"0,5%",Daniel Hale Williams Prep School of Medicine,HS,4934 S Wabash Ave ,Chicago,IL,60615,(773) 535-1120,http://schoolreports.cps.edu/SchoolProgressReport_Eng/Spring2011Eng_610380.pdf,South Side High School Network,SOUTH SIDE COLLABORATIVE,No,Standard,Not on Probation,Level 2,No,Average,50.0,NDA,NDA,Average,45.0,Average,54.0,NDA,NDA,NDA,NDA,NDA,NDA,NDA,NDA,91.3%,5.4,96.7%,100.0%,NDA,NDA,NDA,NDA,NDA,NDA,54.5,63.8,55.8,58.5,21.4,33.3,23.7,8.5,-0.9,-1.8,Yellow,Red,64.1,25,15,15.1,15.8,15.4,0.4,17.5,1.7,32.7,NDA,NDA,324,42,90.1,150000000000000,1177513.255,1872170.4440000001,41.80456384,-87.62448408,38,GRAND BOULEVARD,3,2,"(41.80456384, -87.62448408)"
85,161,610392,WORLD LANGUAGE HS,6.2,2.7,3.4,3.1,2.1,"1,5%",World Language Academy High School,HS,3120 S Kostner Ave ,Chicago,IL,60623,(773) 535-4334,http://schoolreports.cps.edu/SchoolProgressReport_Eng/Spring2011Eng_610392.pdf,West Side High School Network,WEST SIDE COLLABORATIVE,No,Track_E,Not on Probation,Level 2,No,Average,51.0,Weak,33,Average,49.0,Average,47.0,Average,49,Average,49,Average,50,Weak,46,91.6%,4.0,96.0%,100.0%,NDA,NDA,NDA,NDA,NDA,NDA,NDA,NDA,NDA,NDA,NDA,NDA,,,,,NDA,NDA,NDA,NDA,12.9,13.4,14.6,14.1,1.2,16.2,1.6,14.6,69.4,48.1,382,37,76,150000000000000,1147521.3020000001,1883405.128,41.83601953,-87.73419465,30,SOUTH LAWNDALE,22,10,"(41.83601953, -87.73419465)"
86,182,609755,YOUNG HS,0.8,0.8,0.9,0.9,0.3,"0,2%",Whitney M Young Magnet High School,HS,211 S Laflin St ,Chicago,IL,60607,(773) 534-7500,http://schoolreports.cps.edu/SchoolProgressReport_Eng/Spring2011Eng_609755.pdf,West Side High School Network,WEST SIDE COLLABORATIVE,Yes,Standard,Not on Probation,Level 1,No,Very Strong,95.0,Very Strong,80,Strong,69.0,Strong,67.0,Average,52,Average,46,Average,53,Average,50,94.6%,1.2,94.9%,100.0%,NDA,NDA,NDA,NDA,NDA,NDA,NDA,NDA,NDA,NDA,100,99,99.5,77.0,-1.2,-0.8,Red,Yellow,56.3,89.2,20.8,21,22.6,22.8,2,26.6,4,89,93.9,88.3,2166,38,96.7,150000000000000,1166475.742,1899058.6269999999,41.87859028,-87.66419634,28,NEAR WEST SIDE,2,12,"(41.87859028, -87.66419634)"
87,187,400018,AUSTIN BUS & ENTRP HS,7.9,10.0,6.7,4.4,14.0, ,Austin Business and Entrepreneurship Academy High School,HS,231 N Pine Ave ,Chicago,IL,60644,(773) 534-6316,,West Side High School Network,WEST SIDE COLLABORATIVE,No,Non_Standard,Probation,Level 3,No,Weak,38.0,NDA,NDA,Average,41.0,Weak,33.0,NDA,NDA,NDA,NDA,NDA,NDA,NDA,NDA,76.0%,12.4,0.0%,98.2%,NDA,NDA,NDA,NDA,NDA,NDA,NDA,NDA,NDA,NDA,NDA,NDA,,,,,NDA,NDA,NDA,NDA,12,12,14.3,12.9,0.9,14.4,0.1,12.2,65.6,51.3,316,36,NDA,150000000000000,1139494.763,1901274.2580000001,41.88520477,-87.76321191,25,AUSTIN,28,15,"(41.88520477, -87.76321191)"
88,188,610501,AUSTIN POLY HS,19.1,14.1,11.4,3.2,6.8, ,Austin Polytechnical Academy High School,HS,231 N Pine Ave ,Chicago,IL,60644,(773) 534-6300,http://schoolreports.cps.edu/SchoolProgressReport_Eng/Spring2011Eng_610501.pdf,West Side High School Network,WEST SIDE COLLABORATIVE,No,Standard,Probation,Level 2,No,Weak,38.0,NDA,NDA,Average,45.0,Average,53.0,NDA,NDA,NDA,NDA,NDA,NDA,NDA,NDA,70.1%,21.5,95.2%,98.6%,NDA,NDA,NDA,NDA,NDA,NDA,NDA,NDA,NDA,NDA,NDA,NDA,,,,,NDA,NDA,NDA,NDA,12,12.1,13.6,13.1,1.1,14.8,1.2,8.5,NDA,NDA,250,36,56.1,150000000000000,1139494.763,1901274.2580000001,41.88520477,-87.76321191,25,AUSTIN,28,15,"(41.88520477, -87.76321191)"
89,200,609702,CRANE HS,28.2,11.3,12.1,10.7,10.76578947368421, ,Richard T Crane Technical Preparatory High School,HS,2245 W Jackson Blvd ,Chicago,IL,60612,(773) 534-7550,http://schoolreports.cps.edu/SchoolProgressReport_Eng/Spring2011Eng_609702.pdf,West Side High School Network,WEST SIDE COLLABORATIVE,No,Standard,Probation,Level 3,No,Average,43.0,NDA,NDA,Average,50.0,Average,48.0,NDA,NDA,NDA,NDA,Average,47,Weak,46,57.9%,19.9,93.9%,99.1%,NDA,NDA,NDA,NDA,NDA,NDA,NDA,NDA,NDA,NDA,NDA,NDA,,,,,NDA,NDA,NDA,NDA,12,11.9,13.2,13.6,1.6,14,0.8,3.7,48,32.6,478,38,40.9,150000000000000,1161290.138,1898611.918,41.87747384,-87.68324922,28,NEAR WEST SIDE,2,12,"(41.87747384, -87.68324922)"
90,201,609736,DYETT HS,19.9,23.6,8.0,0.0,10.76578947368421, ,Dyett High School,HS,555 E 51st St ,Chicago,IL,60615,(773) 535-1825,http://schoolreports.cps.edu/SchoolProgressReport_Eng/Spring2011Eng_609736.pdf,South Side High School Network,SOUTH SIDE COLLABORATIVE,No,Track_E,Probation,Level 3,No,Weak,27.0,Very Weak,18,Weak,35.0,Average,47.0,Weak,35,Weak,25,NDA,NDA,NDA,NDA,62.5%,24.4,93.5%,100.0%,NDA,NDA,NDA,NDA,NDA,NDA,NDA,NDA,NDA,NDA,NDA,NDA,,,,,NDA,NDA,NDA,NDA,11.6,11.7,13,12.9,1.3,14,1,3.3,33.7,51,318,42,37.1,150000000000000,1180944.201,1871282.832,41.80204982,-87.61192836,40,WASHINGTON PARK,4,2,"(41.80204982, -87.61192836)"
91,208,610502,MARINE MILITARY HS,1.7,2.7,2.3,11.780104712041886,10.76578947368421, ,Marine Military Math and Science Academy ,HS,145 S Campbell Ave ,Chicago,IL,60612,(773) 534-7818,http://schoolreports.cps.edu/SchoolProgressReport_Eng/Spring2011Eng_610502.pdf,West Side High School Network,WEST SIDE COLLABORATIVE,No,Standard,Not on Probation,Level 2,No,Average,41.0,Average,49,Weak,38.0,Weak,34.0,Average,53,Weak,35,Strong,54,Average,49,91.3%,4.5,95.3%,100.0%,NDA,NDA,NDA,NDA,NDA,NDA,NDA,NDA,NDA,NDA,NDA,NDA,,,,,NDA,NDA,NDA,NDA,14,15,15.9,15.3,1.3,17.7,1.8,37.7,NDA,NDA,366,38,86.3,150000000000000,1159815.389,1899102.4919999999,41.87885054,-87.68865058,28,NEAR WEST SIDE,2,11,"(41.87885054, -87.68865058)"
92,209,610535,MASON HS,4.3,0.0,12.39516129032258,11.780104712041886,10.76578947368421, ,Mason High School,HS,4217 W 18th St ,Chicago,IL,60623,(773) 534-1530,http://schoolreports.cps.edu/SchoolProgressReport_Eng/Spring2011Eng_610535.pdf,West Side High School Network,WEST SIDE COLLABORATIVE,NDA,Standard,Not on Probation,Not Enough Data,No,Average,50.0,NDA,NDA,Average,59.0,Average,59.0,NDA,NDA,NDA,NDA,Average,50,Average,47,90.4%,44.3,0.0%,72.7%,NDA,NDA,NDA,NDA,NDA,NDA,NDA,NDA,NDA,NDA,NDA,NDA,,,,,NDA,NDA,NDA,NDA,12.6,13.5,NDA,13.9,1.3,NDA,NDA,NDA,NDA,NDA,48,36,40.9,150000000000000,1148477.255,1891003.4409999999,41.85685194,-87.73049117,29,NORTH LAWNDALE,24,10,"(41.85685194, -87.73049117)"
93,216,610297,SCHOOL OF LEADRSHP HS,14.4,16.5,13.9,11.780104712041886,10.76578947368421, ,High School of Leadership at South Shore,HS,7627 S Constance Ave ,Chicago,IL,60649,(773) 535-6190,http://schoolreports.cps.edu/SchoolProgressReport_Eng/Spring2011Eng_610297.pdf,South Side High School Network,SOUTH SIDE COLLABORATIVE,No,Standard,Probation,Level 3,No,NDA,,Weak,30,NDA,,NDA,,Very Weak,16,Weak,28,Weak,42,Weak,31,72.0%,43.4,95.2%,100.0%,NDA,NDA,NDA,NDA,NDA,NDA,NDA,NDA,NDA,NDA,NDA,NDA,,,,,NDA,NDA,NDA,NDA,11.7,11.7,13.1,13.1,1.4,14.4,1.3,12.2,36.6,68.8,731,46,48.8,150000000000000,1189903.206,1854648.757,41.75619362,-87.57960727,43,SOUTH SHORE,8,4,"(41.75619362, -87.57960727)"
